Age,Date,Player,Position,Season,Team,Weight
29,14-Apr-85,Micheal Ray Richardson,PG,1984-1985,New Jersey Nets,189
23,7-Apr-85,Derek Smith,SG,1984-1985,Los Angeles Clippers,205
28,1-Apr-85,Calvin Natt,F,1984-1985,Denver Nuggets,220
37,24-Mar-85,Kareem Abdul-Jabbar,C,1984-1985,Los Angeles Lakers,225
28,17-Mar-85,Larry Bird,SF,1984-1985,Boston Celtics,220
26,10-Mar-85,Darrell Griffith,SG,1984-1985,Utah Jazz,190
24,3-Mar-85,Sleepy Floyd,PG,1984-1985,Golden State Warriors,170
25,24-Feb-85,Mark Aguirre,SF,1984-1985,Dallas Mavericks,232
25,17-Feb-85,Magic Johnson,PG,1984-1985,Los Angeles Lakers,255
25,3-Feb-85,Dominique Wilkins,SF,1984-1985,Atlanta Hawks,200
32,27-Jan-85,Tom McMillen,PF,1984-1985,Washington Bullets,215
22,20-Jan-85,Michael Jordan,SG,1984-1985,Chicago Bulls,215
31,13-Jan-85,World B. Free,G,1984-1985,Cleveland Cavaliers,185
23,6-Jan-85,Isiah Thomas,PG,1984-1985,Detroit Pistons,180
29,30-Dec-84,Micheal Ray Richardson,PG,1984-1985,New Jersey Nets,189
23,23-Dec-84,Terry Cummings,PF,1984-1985,Milwaukee Bucks,220
23,16-Dec-84,Derek Smith,SG,1984-1985,Los Angeles Clippers,205
25,9-Dec-84,Orlando Woolridge,PF,1984-1985,Chicago Bulls,215
29,2-Dec-84,Jack Sikma,C,1984-1985,Seattle SuperSonics,230
28,25-Nov-84,Bernard King,SF,1984-1985,New York Knicks,205
29,18-Nov-84,Moses Malone,C,1984-1985,Philadelphia Sixers,215
31,11-Nov-84,Alex English,SF,1984-1985,Denver Nuggets,190
26,4-Nov-84,Larry Nance,PF,1984-1985,Phoenix Suns,205
26,13-Apr-86,Dominique Wilkins,SF,1985-1986,Atlanta Hawks,200
28,6-Apr-86,Herb Williams,C,1985-1986,Indiana Pacers,242
23,30-Mar-86,Charles Barkley,PF,1985-1986,Philadelphia Sixers,252
30,23-Mar-86,Adrian Dantley,SF,1985-1986,Utah Jazz,208
29,16-Mar-86,Larry Bird,SF,1985-1986,Boston Celtics,220
26,9-Mar-86,Magic Johnson,PG,1985-1986,Los Angeles Lakers,255
23,2-Mar-86,Charles Barkley,PF,1985-1986,Philadelphia Sixers,252
28,23-Feb-86,Sidney Moncrief,SG,1985-1986,Milwaukee Bucks,180
29,16-Feb-86,Larry Bird,SF,1985-1986,Boston Celtics,220
32,2-Feb-86,Alex English,SF,1985-1986,Denver Nuggets,190
23,26-Jan-86,Charles Barkley,PF,1985-1986,Philadelphia Sixers,252
29,19-Jan-86,Larry Bird,SF,1985-1986,Boston Celtics,220
29,12-Jan-86,Calvin Natt,F,1985-1986,Denver Nuggets,220
23,5-Jan-86,Clyde Drexler,SG,1985-1986,Portland Trail Blazers,210
26,29-Dec-85,Dominique Wilkins,SF,1985-1986,Atlanta Hawks,200
27,22-Dec-85,Larry Nance,PF,1985-1986,Phoenix Suns,205
23,15-Dec-85,Alvin Robertson,SG,1985-1986,San Antonio Spurs,185
27,8-Dec-85,Jeff Ruland,C,1985-1986,Washington Bullets,240
29,1-Dec-85,Larry Bird,SF,1985-1986,Boston Celtics,220
32,24-Nov-85,Alex English,SF,1985-1986,Denver Nuggets,190
23,17-Nov-85,Patrick Ewing,C,1985-1986,New York Knicks,240
25,10-Nov-85,Buck Williams,PF,1985-1986,New Jersey Nets,215
24,3-Nov-85,Derek Smith,SG,1985-1986,Los Angeles Clippers,205
37,19-Apr-87,Julius Erving,SF,1986-1987,Philadelphia Sixers,200
24,12-Apr-87,Michael Jordan,SG,1986-1987,Chicago Bulls,215
27,5-Apr-87,Magic Johnson,PG,1986-1987,Los Angeles Lakers,255
29,29-Mar-87,Larry Smith,PF,1986-1987,Golden State Warriors,215
27,22-Mar-87,Magic Johnson,PG,1986-1987,Los Angeles Lakers,255
23,15-Mar-87,Karl Malone,PF,1986-1987,Utah Jazz,265
27,8-Mar-87,Magic Johnson,PG,1986-1987,Los Angeles Lakers,255
24,1-Mar-87,Michael Jordan,SG,1986-1987,Chicago Bulls,215
31,22-Feb-87,Moses Malone,C,1986-1987,Washington Bullets,215
27,15-Feb-87,Magic Johnson,PG,1986-1987,Los Angeles Lakers,255
26,1-Feb-87,Fat Lever,PG,1986-1987,Denver Nuggets,170
33,25-Jan-87,Alex English,SF,1986-1987,Denver Nuggets,190
24,18-Jan-87,Otis Thorpe,PF,1986-1987,Sacramento Kings,225
25,11-Jan-87,Isiah Thomas,PG,1986-1987,Detroit Pistons,180
30,4-Jan-87,Larry Bird,SF,1986-1987,Boston Celtics,220
24,28-Dec-86,Patrick Ewing,C,1986-1987,New York Knicks,240
27,21-Dec-86,Magic Johnson,PG,1986-1987,Los Angeles Lakers,255
27,14-Dec-86,Dominique Wilkins,SF,1986-1987,Atlanta Hawks,200
27,7-Dec-86,Tom Chambers,PF,1986-1987,Seattle SuperSonics,220
24,30-Nov-86,Hot Rod Williams,FC,1986-1987,Cleveland Cavaliers,215
24,23-Nov-86,Alvin Robertson,SG,1986-1987,San Antonio Spurs,185
33,16-Nov-86,Robert Parish,C,1986-1987,Boston Celtics,230
24,9-Nov-86,Michael Jordan,SG,1986-1987,Chicago Bulls,215
24,24-Apr-88,Karl Malone,PF,1987-1988,Utah Jazz,265
27,17-Apr-88,Fat Lever,PG,1987-1988,Denver Nuggets,170
24,10-Apr-88,Harold Pressley,GF,1987-1988,Sacramento Kings,210
25,3-Apr-88,Michael Jordan,SG,1987-1988,Chicago Bulls,215
25,27-Mar-88,Michael Jordan,SG,1987-1988,Chicago Bulls,215
25,20-Mar-88,Charles Barkley,PF,1987-1988,Philadelphia Sixers,252
25,13-Mar-88,Clyde Drexler,SG,1987-1988,Portland Trail Blazers,210
27,6-Mar-88,Bobby Hansen,SG,1987-1988,Utah Jazz,190
23,28-Feb-88,Roy Tarpley,PF,1987-1988,Dallas Mavericks,230
25,21-Feb-88,John Stockton,PG,1987-1988,Utah Jazz,170
28,14-Feb-88,Dominique Wilkins,SF,1987-1988,Atlanta Hawks,200
31,31-Jan-88,Bernard King,SF,1987-1988,Washington Bullets,205
25,24-Jan-88,Michael Jordan,SG,1987-1988,Chicago Bulls,215
28,17-Jan-88,Dominique Wilkins,SF,1987-1988,Atlanta Hawks,200
26,10-Jan-88,Byron Scott,SG,1987-1988,Los Angeles Lakers,195
24,3-Jan-88,Karl Malone,PF,1987-1988,Utah Jazz,265
28,27-Dec-87,Dominique Wilkins,SF,1987-1988,Atlanta Hawks,200
29,20-Dec-87,Larry Nance,PF,1987-1988,Phoenix Suns,205
28,13-Dec-87,Magic Johnson,PG,1987-1988,Los Angeles Lakers,255
25,6-Dec-87,Clyde Drexler,SG,1987-1988,Portland Trail Blazers,210
25,29-Nov-87,Clyde Drexler,SG,1987-1988,Portland Trail Blazers,210
24,22-Nov-87,Xavier McDaniel,PF,1987-1988,Seattle SuperSonics,205
31,15-Nov-87,Larry Bird,SF,1987-1988,Boston Celtics,220
25,23-Apr-89,Xavier McDaniel,PF,1988-1989,Seattle SuperSonics,205
25,16-Apr-89,Karl Malone,PF,1988-1989,Utah Jazz,265
26,9-Apr-89,Clyde Drexler,SG,1988-1989,Portland Trail Blazers,210
26,2-Apr-89,Michael Jordan,SG,1988-1989,Chicago Bulls,215
26,26-Mar-89,Michael Jordan,SG,1988-1989,Chicago Bulls,215
22,19-Mar-89,Kevin Johnson,PG,1988-1989,Phoenix Suns,180
27,12-Mar-89,Isiah Thomas,PG,1988-1989,Detroit Pistons,180
24,5-Mar-89,Chuck Person,SF,1988-1989,Indiana Pacers,220
26,26-Feb-89,Patrick Ewing,C,1988-1989,New York Knicks,240
26,19-Feb-89,Hakeem Olajuwon,C,1988-1989,Houston Rockets,255
25,5-Feb-89,Ron Harper,SG,1988-1989,Cleveland Cavaliers,185
29,29-Jan-89,Tom Chambers,PF,1988-1989,Phoenix Suns,220
25,22-Jan-89,Chris Mullin,SF,1988-1989,Golden State Warriors,215
26,15-Jan-89,Michael Jordan,SG,1988-1989,Chicago Bulls,215
28,8-Jan-89,Dale Ellis,GF,1988-1989,Seattle SuperSonics,205
29,1-Jan-89,Magic Johnson,PG,1988-1989,Los Angeles Lakers,255
26,25-Dec-88,Clyde Drexler,SG,1988-1989,Portland Trail Blazers,210
35,18-Dec-88,Robert Parish,C,1988-1989,Boston Celtics,230
26,11-Dec-88,Michael Adams,PG,1988-1989,Denver Nuggets,163
29,4-Dec-88,Magic Johnson,PG,1988-1989,Los Angeles Lakers,255
26,27-Nov-88,Patrick Ewing,C,1988-1989,New York Knicks,240
26,20-Nov-88,Michael Jordan,SG,1988-1989,Chicago Bulls,215
26,13-Nov-88,Hakeem Olajuwon,C,1988-1989,Houston Rockets,255
24,22-Apr-90,David Robinson,C,1989-1990,San Antonio Spurs,250
30,15-Apr-90,Magic Johnson,PG,1989-1990,Los Angeles Lakers,255
27,8-Apr-90,Charles Barkley,PF,1989-1990,Philadelphia Sixers,252
27,1-Apr-90,Michael Jordan,SG,1989-1990,Chicago Bulls,215
24,25-Mar-90,David Robinson,C,1989-1990,San Antonio Spurs,250
23,18-Mar-90,Kevin Johnson,PG,1989-1990,Phoenix Suns,180
24,11-Mar-90,Rony Seikaly,C,1989-1990,Miami Heat,230
27,4-Mar-90,Hakeem Olajuwon,C,1989-1990,Houston Rockets,255
24,25-Feb-90,David Robinson,C,1989-1990,San Antonio Spurs,250
30,18-Feb-90,Tom Chambers,PF,1989-1990,Phoenix Suns,220
23,4-Feb-90,Tim Hardaway,PG,1989-1990,Golden State Warriors,175
26,28-Jan-90,Karl Malone,PF,1989-1990,Utah Jazz,265
27,21-Jan-90,Alvin Robertson,SG,1989-1990,Milwaukee Bucks,185
26,14-Jan-90,Ron Harper,SG,1989-1990,Los Angeles Clippers,185
29,7-Jan-90,Terry Teagle,SG,1989-1990,Golden State Warriors,195
26,30-Dec-89,Karl Malone,PF,1989-1990,Utah Jazz,265
28,24-Dec-89,Terry Cummings,PF,1989-1990,San Antonio Spurs,220
26,17-Dec-89,Chris Mullin,SF,1989-1990,Golden State Warriors,215
27,10-Dec-89,Michael Jordan,SG,1989-1990,Chicago Bulls,215
27,3-Dec-89,Patrick Ewing,C,1989-1990,New York Knicks,240
27,26-Nov-89,Clyde Drexler,SG,1989-1990,Portland Trail Blazers,210
27,19-Nov-89,John Stockton,PG,1989-1990,Utah Jazz,170
28,12-Nov-89,Vern Fleming,G,1989-1990,Indiana Pacers,185
26,21-Apr-91,Scott Skiles,PG,1990-1991,Orlando Magic,180
28,14-Apr-91,Clyde Drexler,SG,1990-1991,Portland Trail Blazers,210
31,7-Apr-91,Magic Johnson,PG,1990-1991,Los Angeles Lakers,255
28,31-Mar-91,Clyde Drexler,SG,1990-1991,Portland Trail Blazers,210
25,24-Mar-91,Mitch Richmond,SG,1990-1991,Golden State Warriors,215
25,17-Mar-91,Kenny Smith,PG,1990-1991,Houston Rockets,170
22,10-Mar-91,Dennis Scott,SF,1990-1991,Orlando Magic,229
27,3-Mar-91,Gerald Wilkins,SG,1990-1991,New York Knicks,185
25,24-Feb-91,Reggie Miller,SG,1990-1991,Indiana Pacers,185
22,17-Feb-91,Lionel Simmons,SF,1990-1991,Sacramento Kings,210
28,3-Feb-91,Otis Thorpe,PF,1990-1991,Houston Rockets,225
28,27-Jan-91,Michael Adams,PG,1990-1991,Denver Nuggets,163
24,20-Jan-91,Tim Hardaway,PG,1990-1991,Golden State Warriors,175
34,13-Jan-91,Bernard King,SF,1990-1991,Washington Bullets,205
31,6-Jan-91,Dominique Wilkins,SF,1990-1991,Atlanta Hawks,200
31,30-Dec-90,Ricky Pierce,SG,1990-1991,Milwaukee Bucks,205
28,23-Dec-90,Michael Jordan,SG,1990-1991,Chicago Bulls,215
24,16-Dec-90,Kevin Johnson,PG,1990-1991,Phoenix Suns,180
28,9-Dec-90,John Stockton,PG,1990-1991,Utah Jazz,170
28,2-Dec-90,Michael Jordan,SG,1990-1991,Chicago Bulls,215
28,25-Nov-90,Charles Barkley,PF,1990-1991,Philadelphia Sixers,252
28,18-Nov-90,Clyde Drexler,SG,1990-1991,Portland Trail Blazers,210
27,11-Nov-90,Chris Mullin,SF,1990-1991,Golden State Warriors,215
28,19-Apr-92,Karl Malone,PF,1991-1992,Utah Jazz,265
26,12-Apr-92,Reggie Lewis,SF,1991-1992,Boston Celtics,195
24,5-Apr-92,Mookie Blaylock,PG,1991-1992,New Jersey Nets,190
26,29-Mar-92,Mark Jackson,PG,1991-1992,New York Knicks,180
22,22-Mar-92,Larry Johnson,F,1991-1992,Charlotte Hornets,250
28,15-Mar-92,Joe Dumars,SG,1991-1992,Detroit Pistons,190
28,8-Mar-92,Karl Malone,PF,1991-1992,Utah Jazz,265
25,1-Mar-92,Danny Manning,F,1991-1992,Los Angeles Clippers,230
25,23-Feb-92,Tim Hardaway,PG,1991-1992,Golden State Warriors,175
29,16-Feb-92,John Stockton,PG,1991-1992,Utah Jazz,170
33,2-Feb-92,Larry Nance,PF,1991-1992,Cleveland Cavaliers,205
24,26-Jan-92,Nick Anderson,GF,1991-1992,Orlando Magic,228
25,19-Jan-92,Tim Hardaway,PG,1991-1992,Golden State Warriors,175
29,12-Jan-92,Michael Jordan,SG,1991-1992,Chicago Bulls,215
29,5-Jan-92,Patrick Ewing,C,1991-1992,New York Knicks,240
26,29-Dec-91,Scottie Pippen,SF,1991-1992,Chicago Bulls,228
24,22-Dec-91,Pervis Ellison,C,1991-1992,Washington Bullets,210
30,15-Dec-91,Dennis Rodman,PF,1991-1992,Detroit Pistons,210
30,8-Dec-91,Jeff Malone,SG,1991-1992,Utah Jazz,205
26,1-Dec-91,David Robinson,C,1991-1992,San Antonio Spurs,250
29,24-Nov-91,Kevin Willis,C,1991-1992,Atlanta Hawks,245
26,17-Nov-91,Brad Daugherty,C,1991-1992,Cleveland Cavaliers,245
28,10-Nov-91,Chris Mullin,SF,1991-1992,Golden State Warriors,215
23,25-Apr-93,Larry Johnson,F,1992-1993,Charlotte Hornets,250
23,18-Apr-93,Alonzo Mourning,C,1992-1993,Charlotte Hornets,240
30,11-Apr-93,Hakeem Olajuwon,C,1992-1993,Houston Rockets,255
30,4-Apr-93,Charles Barkley,PF,1992-1993,Phoenix Suns,252
26,28-Mar-93,Dikembe Mutombo,C,1992-1993,Denver Nuggets,260
30,21-Mar-93,Patrick Ewing,C,1992-1993,New York Knicks,240
26,14-Mar-93,Rumeal Robinson,PG,1992-1993,New Jersey Nets,195
27,7-Mar-93,Rony Seikaly,C,1992-1993,Miami Heat,230
30,28-Feb-93,Hakeem Olajuwon,C,1992-1993,Houston Rockets,255
23,14-Feb-93,Larry Johnson,F,1992-1993,Charlotte Hornets,250
25,7-Feb-93,Nick Anderson,GF,1992-1993,Orlando Magic,228
29,31-Jan-93,Karl Malone,PF,1992-1993,Utah Jazz,265
30,24-Jan-93,Patrick Ewing,C,1992-1993,New York Knicks,240
30,17-Jan-93,Hakeem Olajuwon,C,1992-1993,Houston Rockets,255
23,10-Jan-93,Shawn Kemp,C,1992-1993,Seattle SuperSonics,280
27,3-Jan-93,David Robinson,C,1992-1993,San Antonio Spurs,250
25,27-Dec-92,Sean Elliott,SF,1992-1993,San Antonio Spurs,205
30,20-Dec-92,Patrick Ewing,C,1992-1993,New York Knicks,240
30,13-Dec-92,Charles Barkley,PF,1992-1993,Phoenix Suns,252
28,6-Dec-92,Drazen Petrovic,SG,1992-1993,New Jersey Nets,200
27,29-Nov-92,David Robinson,C,1992-1993,San Antonio Spurs,250
30,22-Nov-92,Michael Jordan,SG,1992-1993,Chicago Bulls,215
20,15-Nov-92,Shaquille O'Neal,C,1992-1993,Orlando Magic,325
28,24-Apr-94,David Robinson,C,1993-1994,San Antonio Spurs,250
28,17-Apr-94,Scottie Pippen,SF,1993-1994,Chicago Bulls,228
27,10-Apr-94,Dikembe Mutombo,C,1993-1994,Denver Nuggets,260
24,3-Apr-94,Shawn Kemp,C,1993-1994,Seattle SuperSonics,280
31,27-Mar-94,Kevin Willis,C,1993-1994,Atlanta Hawks,245
31,20-Mar-94,Hakeem Olajuwon,C,1993-1994,Houston Rockets,255
30,13-Mar-94,Joe Dumars,SG,1993-1994,Detroit Pistons,190
28,6-Mar-94,David Robinson,C,1993-1994,San Antonio Spurs,250
24,27-Feb-94,Shawn Kemp,C,1993-1994,Seattle SuperSonics,280
28,20-Feb-94,David Robinson,C,1993-1994,San Antonio Spurs,250
28,6-Feb-94,David Robinson,C,1993-1994,San Antonio Spurs,250
30,30-Jan-94,Ron Harper,SG,1993-1994,Los Angeles Clippers,185
23,23-Jan-94,Kenny Anderson,PG,1993-1994,New Jersey Nets,168
31,16-Jan-94,Patrick Ewing,C,1993-1994,New York Knicks,240
20,9-Jan-94,Chris Webber,F-C,1993-1994,Golden State Warriors,245
23,2-Jan-94,Oliver Miller,C,1993-1994,Phoenix Suns,280
28,26-Dec-93,Scottie Pippen,SF,1993-1994,Chicago Bulls,228
30,19-Dec-93,Karl Malone,PF,1993-1994,Utah Jazz,265
21,12-Dec-93,Shaquille O'Neal,C,1993-1994,Orlando Magic,325
28,5-Dec-93,David Robinson,C,1993-1994,San Antonio Spurs,250
26,28-Nov-93,Glen Rice,SF,1993-1994,Miami Heat,228
31,21-Nov-93,Charles Barkley,PF,1993-1994,Phoenix Suns,252
31,14-Nov-93,Hakeem Olajuwon,C,1993-1994,Houston Rockets,255
31,23-Apr-95,Karl Malone,PF,1994-1995,Utah Jazz,265
28,16-Apr-95,Dikembe Mutombo,C,1994-1995,Denver Nuggets,260
32,9-Apr-95,Clyde Drexler,SG,1994-1995,Houston Rockets,210
29,2-Apr-95,David Robinson,C,1994-1995,San Antonio Spurs,250
27,26-Mar-95,Vlade Divac,C,1994-1995,Los Angeles Lakers,260
21,19-Mar-95,Jason Kidd,PG,1994-1995,Dallas Mavericks,210
28,12-Mar-95,Rik Smits,C,1994-1995,Indiana Pacers,250
22,5-Mar-95,Shaquille O'Neal,C,1994-1995,Orlando Magic,325
28,26-Feb-95,Rod Strickland,PG,1994-1995,Portland Trail Blazers,175
32,19-Feb-95,Charles Barkley,PF,1994-1995,Phoenix Suns,252
32,5-Feb-95,Hakeem Olajuwon,C,1994-1995,Houston Rockets,255
32,29-Jan-95,John Stockton,PG,1994-1995,Utah Jazz,170
32,22-Jan-95,Patrick Ewing,C,1994-1995,New York Knicks,240
25,15-Jan-95,Larry Johnson,F,1994-1995,Charlotte Hornets,250
26,8-Jan-95,Gary Payton,G,1994-1995,Seattle SuperSonics,180
32,1-Jan-95,Hakeem Olajuwon,C,1994-1995,Houston Rockets,255
25,25-Dec-94,Cedric Ceballos,SF,1994-1995,Los Angeles Lakers,190
31,18-Dec-94,Karl Malone,PF,1994-1995,Utah Jazz,265
22,11-Dec-94,Jamal Mashburn,SF,1994-1995,Dallas Mavericks,247
22,4-Dec-94,Shaquille O'Neal,C,1994-1995,Orlando Magic,325
23,27-Nov-94,Penny Hardaway,PG,1994-1995,Orlando Magic,195
25,20-Nov-94,Elliot Perry,PG,1994-1995,Phoenix Suns,150
28,13-Nov-94,Tim Hardaway,PG,1994-1995,Golden State Warriors,175
27,21-Apr-96,Dennis Scott,SF,1995-1996,Orlando Magic,229
23,14-Apr-96,Juwan Howard,PF,1995-1996,Washington Bullets,240
29,7-Apr-96,Kevin Johnson,PG,1995-1996,Phoenix Suns,180
31,31-Mar-96,Arvydas Sabonis,C,1995-1996,Portland Trail Blazers,279
28,24-Mar-96,Chris Gatling,PF,1995-1996,Miami Heat,220
23,17-Mar-96,Grant Hill,SF,1995-1996,Detroit Pistons,225
33,10-Mar-96,Michael Jordan,SG,1995-1996,Chicago Bulls,215
23,3-Mar-96,Shaquille O'Neal,C,1995-1996,Orlando Magic,325
33,3-Mar-96,Hakeem Olajuwon,C,1995-1996,Houston Rockets,255
26,25-Feb-96,Shawn Kemp,C,1995-1996,Seattle SuperSonics,280
31,18-Feb-96,Armen Gilliam,PF,1995-1996,New Jersey Nets,230
22,4-Feb-96,Jason Kidd,PG,1995-1996,Dallas Mavericks,210
30,28-Jan-96,Reggie Miller,SG,1995-1996,Indiana Pacers,185
33,21-Jan-96,Michael Jordan,SG,1995-1996,Chicago Bulls,215
30,14-Jan-96,David Robinson,C,1995-1996,San Antonio Spurs,250
29,7-Jan-96,Cliff Robinson,PF,1995-1996,Portland Trail Blazers,225
32,31-Dec-95,Karl Malone,PF,1995-1996,Utah Jazz,265
33,24-Dec-95,Michael Jordan,SG,1995-1996,Chicago Bulls,215
30,17-Dec-95,Scottie Pippen,SF,1995-1996,Chicago Bulls,228
29,10-Dec-95,Dikembe Mutombo,C,1995-1996,Denver Nuggets,260
25,3-Dec-95,Terrell Brandon,PG,1995-1996,Cleveland Cavaliers,180
26,26-Nov-95,Shawn Kemp,C,1995-1996,Seattle SuperSonics,280
26,19-Nov-95,Cedric Ceballos,SF,1995-1996,Los Angeles Lakers,190
24,12-Nov-95,Penny Hardaway,PG,1995-1996,Orlando Magic,195
24,20-Apr-97,Chris Webber,F-C,1996-1997,Washington Bullets,245
21,13-Apr-97,Allen Iverson,G,1996-1997,Philadelphia Sixers,165
24,6-Apr-97,Grant Hill,SF,1996-1997,Detroit Pistons,225
30,30-Mar-97,Kevin Johnson,PG,1996-1997,Phoenix Suns,180
33,23-Mar-97,Karl Malone,PF,1996-1997,Utah Jazz,265
33,16-Mar-97,Karl Malone,PF,1996-1997,Utah Jazz,265
34,9-Mar-97,Patrick Ewing,C,1996-1997,New York Knicks,240
30,2-Mar-97,Loy Vaught,PF,1996-1997,Los Angeles Clippers,230
31,23-Feb-97,Scottie Pippen,SF,1996-1997,Chicago Bulls,228
27,16-Feb-97,Alonzo Mourning,C,1996-1997,Miami Heat,240
29,2-Feb-97,Glen Rice,SF,1996-1997,Charlotte Hornets,228
31,26-Jan-97,Mitch Richmond,SG,1996-1997,Sacramento Kings,215
24,19-Jan-97,Grant Hill,SF,1996-1997,Detroit Pistons,225
24,12-Jan-97,Glenn Robinson,SF,1996-1997,Milwaukee Bucks,225
29,5-Jan-97,Glen Rice,SF,1996-1997,Charlotte Hornets,228
30,29-Dec-96,Tim Hardaway,PG,1996-1997,Miami Heat,175
26,22-Dec-96,Terrell Brandon,PG,1996-1997,Cleveland Cavaliers,180
24,15-Dec-96,Shaquille O'Neal,C,1996-1997,Los Angeles Lakers,325
29,8-Dec-96,Terry Mills,PF,1996-1997,Detroit Pistons,230
30,1-Dec-96,Dikembe Mutombo,C,1996-1997,Atlanta Hawks,260
34,24-Nov-96,Charles Barkley,PF,1996-1997,Houston Rockets,252
33,24-Nov-96,Karl Malone,PF,1996-1997,Utah Jazz,265
36,17-Nov-96,Dale Ellis,GF,1996-1997,Denver Nuggets,205
34,10-Nov-96,Hakeem Olajuwon,C,1996-1997,Houston Rockets,255
24,19-Apr-98,Jason Kidd,PG,1997-1998,Phoenix Suns,210
28,12-Apr-98,Sam Cassell,G,1997-1998,New Jersey Nets,185
35,5-Apr-98,Michael Jordan,SG,1997-1998,Chicago Bulls,215
28,29-Mar-98,Alonzo Mourning,C,1997-1998,Miami Heat,240
25,22-Mar-98,Shaquille O'Neal,C,1997-1998,Los Angeles Lakers,325
24,15-Mar-98,Jason Kidd,PG,1997-1998,Phoenix Suns,210
34,8-Mar-98,Karl Malone,PF,1997-1998,Utah Jazz,265
21,1-Mar-98,Tim Duncan,FC,1997-1998,San Antonio Spurs,250
30,22-Feb-98,Nick Anderson,GF,1997-1998,Orlando Magic,228
34,15-Feb-98,Karl Malone,PF,1997-1998,Utah Jazz,265
32,1-Feb-98,David Robinson,C,1997-1998,San Antonio Spurs,250
30,25-Jan-98,Jayson Williams,FC,1997-1998,New Jersey Nets,245
22,18-Jan-98,Allen Iverson,G,1997-1998,Philadelphia Sixers,165
28,11-Jan-98,Steve Smith,SG,1997-1998,Atlanta Hawks,200
31,4-Jan-98,Rik Smits,C,1997-1998,Indiana Pacers,250
32,28-Dec-97,David Robinson,C,1997-1998,San Antonio Spurs,250
35,21-Dec-97,Michael Jordan,SG,1997-1998,Chicago Bulls,215
30,14-Dec-97,Glen Rice,SF,1997-1998,Charlotte Hornets,228
26,7-Dec-97,Wesley Person,SG,1997-1998,Cleveland Cavaliers,195
34,30-Nov-97,Karl Malone,PF,1997-1998,Utah Jazz,265
35,23-Nov-97,Michael Jordan,SG,1997-1998,Chicago Bulls,215
25,16-Nov-97,Shaquille O'Neal,C,1997-1998,Los Angeles Lakers,325
31,9-Nov-97,Dikembe Mutombo,C,1997-1998,Atlanta Hawks,260
26,2-May-99,Grant Hill,SF,1998-1999,Detroit Pistons,225
25,25-Apr-99,Chris Webber,F-C,1998-1999,Sacramento Kings,245
25,18-Apr-99,Jason Kidd,PG,1998-1999,Phoenix Suns,210
35,11-Apr-99,Karl Malone,PF,1998-1999,Utah Jazz,265
22,4-Apr-99,Kevin Garnett,PF,1998-1999,Minnesota Timberwolves,240
30,28-Mar-99,Darrell Armstrong,PG,1998-1999,Orlando Magic,170
22,21-Mar-99,Vince Carter,SF,1998-1999,Toronto Raptors,220
29,14-Mar-99,Alonzo Mourning,C,1998-1999,Miami Heat,240
22,7-Mar-99,Tim Duncan,FC,1998-1999,San Antonio Spurs,250
24,28-Feb-99,Antonio McDyess,F,1998-1999,Denver Nuggets,245
22,21-Feb-99,Stephon Marbury,G,1998-1999,Minnesota Timberwolves,180
30,14-Feb-99,Gary Payton,G,1998-1999,Seattle SuperSonics,180
32,7-Feb-99,Dikembe Mutombo,C,1998-1999,Atlanta Hawks,260
21,17-Apr-00,Kobe Bryant,SG,1999-2000,Los Angeles Lakers,212
30,10-Apr-00,Alonzo Mourning,C,1999-2000,Miami Heat,240
23,3-Apr-00,Tim Duncan,FC,1999-2000,San Antonio Spurs,250
23,27-Mar-00,Kevin Garnett,PF,1999-2000,Minnesota Timberwolves,240
27,20-Mar-00,Jalen Rose,G,1999-2000,Indiana Pacers,210
27,13-Mar-00,Shaquille O'Neal,C,1999-2000,Los Angeles Lakers,325
36,6-Mar-00,Karl Malone,PF,1999-2000,Utah Jazz,265
23,28-Feb-00,Vince Carter,SF,1999-2000,Toronto Raptors,220
27,22-Feb-00,Shaquille O'Neal,C,1999-2000,Los Angeles Lakers,325
26,7-Feb-00,Michael Finley,G-F,1999-2000,Dallas Mavericks,225
33,31-Jan-00,Dikembe Mutombo,C,1999-2000,Atlanta Hawks,260
23,24-Jan-00,Steve Francis,G,1999-2000,Houston Rockets,195
27,17-Jan-00,Chris Webber,F-C,1999-2000,Sacramento Kings,245
27,10-Jan-00,Grant Hill,SF,1999-2000,Detroit Pistons,225
27,3-Jan-00,Chris Webber,F-C,1999-2000,Sacramento Kings,245
23,27-Dec-99,Kevin Garnett,PF,1999-2000,Minnesota Timberwolves,240
26,20-Dec-99,Jason Kidd,PG,1999-2000,Phoenix Suns,210
30,13-Dec-99,Alonzo Mourning,C,1999-2000,Miami Heat,240
27,5-Dec-99,Shaquille O'Neal,C,1999-2000,Los Angeles Lakers,325
23,28-Nov-99,Tim Duncan,FC,1999-2000,San Antonio Spurs,250
23,21-Nov-99,Vince Carter,SF,1999-2000,Toronto Raptors,220
23,14-Nov-99,Kevin Garnett,PF,1999-2000,Minnesota Timberwolves,240
30,7-Nov-99,Sam Cassell,G,1999-2000,Milwaukee Bucks,185
25,15-Apr-01,Ray Allen,SG,2000-2001,Milwaukee Bucks,205
28,8-Apr-01,Shaquille O'Neal,C,2000-2001,Los Angeles Lakers,325
27,1-Apr-01,Jason Kidd,PG,2000-2001,Phoenix Suns,210
23,25-Mar-01,Paul Pierce,SF,2000-2001,Boston Celtics,235
25,18-Mar-01,Cuttino Mobley,G,2000-2001,Houston Rockets,190
26,11-Mar-01,Derek Anderson,G,2000-2001,San Antonio Spurs,194
24,4-Mar-01,Vince Carter,SF,2000-2001,Toronto Raptors,220
22,25-Feb-01,Shawn Marion,F,2000-2001,Phoenix Suns,228
25,18-Feb-01,Allen Iverson,G,2000-2001,Philadelphia Sixers,165
32,4-Feb-01,Darrell Armstrong,PG,2000-2001,Orlando Magic,170
24,28-Jan-01,Tim Duncan,FC,2000-2001,San Antonio Spurs,250
28,22-Jan-01,Chris Webber,F-C,2000-2001,Sacramento Kings,245
24,14-Jan-01,Steve Francis,G,2000-2001,Houston Rockets,195
25,7-Jan-01,Allen Iverson,G,2000-2001,Philadelphia Sixers,165
28,31-Dec-00,Aaron McKie,G,2000-2001,Philadelphia Sixers,209
22,24-Dec-00,Kobe Bryant,SG,2000-2001,Los Angeles Lakers,212
28,17-Dec-00,Glenn Robinson,SF,2000-2001,Milwaukee Bucks,225
28,10-Dec-00,Chris Webber,F-C,2000-2001,Sacramento Kings,245
26,3-Dec-00,Antonio McDyess,F,2000-2001,Denver Nuggets,245
21,26-Nov-00,Baron Davis,G,2000-2001,Charlotte Hornets,215
24,19-Nov-00,Kevin Garnett,PF,2000-2001,Minnesota Timberwolves,240
24,12-Nov-00,Stephon Marbury,G,2000-2001,New Jersey Nets,180
37,6-Nov-00,Karl Malone,PF,2000-2001,Utah Jazz,265
38,6-Nov-00,John Stockton,PG,2000-2001,Utah Jazz,170
24,7-Apr-02,Paul Pierce,SF,2001-2002,Boston Celtics,235
25,7-Apr-02,Tim Duncan,FC,2001-2002,San Antonio Spurs,250
27,31-Mar-02,Ben Wallace,FC,2001-2002,Detroit Pistons,240
23,31-Mar-02,Shawn Marion,F,2001-2002,Phoenix Suns,228
28,24-Mar-02,Jason Kidd,PG,2001-2002,New Jersey Nets,210
25,24-Mar-02,Tim Duncan,FC,2001-2002,San Antonio Spurs,250
22,17-Mar-02,Tracy McGrady,GF,2001-2002,Orlando Magic,210
25,17-Mar-02,Tim Duncan,FC,2001-2002,San Antonio Spurs,250
29,10-Mar-02,Kurt Thomas,FC,2001-2002,New York Knicks,240
29,10-Mar-02,Shaquille O'Neal,C,2001-2002,Los Angeles Lakers,325
26,3-Mar-02,Allen Iverson,G,2001-2002,Philadelphia Sixers,165
27,3-Mar-02,Rasheed Wallace,FC,2001-2002,Portland Trail Blazers,230
27,24-Feb-02,Ben Wallace,FC,2001-2002,Detroit Pistons,240
29,24-Feb-02,Shaquille O'Neal,C,2001-2002,Los Angeles Lakers,325
25,17-Feb-02,Andre Miller,PG,2001-2002,Cleveland Cavaliers,200
38,17-Feb-02,Karl Malone,PF,2001-2002,Utah Jazz,265
28,3-Feb-02,Jason Kidd,PG,2001-2002,New Jersey Nets,210
29,3-Feb-02,Shaquille O'Neal,C,2001-2002,Los Angeles Lakers,325
26,27-Jan-02,Allen Iverson,G,2001-2002,Philadelphia Sixers,165
23,27-Jan-02,Dirk Nowitzki,PF,2001-2002,Dallas Mavericks,245
26,20-Jan-02,Allen Iverson,G,2001-2002,Philadelphia Sixers,165
23,20-Jan-02,Kobe Bryant,SG,2001-2002,Los Angeles Lakers,212
26,13-Jan-02,Ray Allen,SG,2001-2002,Milwaukee Bucks,205
25,13-Jan-02,Kevin Garnett,PF,2001-2002,Minnesota Timberwolves,240
30,6-Jan-02,Eddie Jones,G-F,2001-2002,Miami Heat,200
28,6-Jan-02,Chris Webber,F-C,2001-2002,Sacramento Kings,245
28,30-Dec-01,Jason Kidd,PG,2001-2002,New Jersey Nets,210
25,30-Dec-01,Tim Duncan,FC,2001-2002,San Antonio Spurs,250
23,23-Dec-01,Jermaine O'Neal,FC,2001-2002,Indiana Pacers,235
33,23-Dec-01,Gary Payton,G,2001-2002,Seattle SuperSonics,180
24,16-Dec-01,Richard Hamilton,SG,2001-2002,Washington Wizards,193
28,16-Dec-01,Steve Nash,G,2001-2002,Dallas Mavericks,178
25,9-Dec-01,Andre Miller,PG,2001-2002,Cleveland Cavaliers,200
22,9-Dec-01,Elton Brand,PF,2001-2002,Los Angeles Clippers,254
24,2-Dec-01,Paul Pierce,SF,2001-2002,Boston Celtics,235
25,2-Dec-01,Stephon Marbury,G,2001-2002,Phoenix Suns,180
25,25-Nov-01,Shareef Abdur-Rahim,F,2001-2002,Atlanta Hawks,225
25,25-Nov-01,Tim Duncan,FC,2001-2002,San Antonio Spurs,250
26,18-Nov-01,Allen Iverson,G,2001-2002,Philadelphia Sixers,165
25,18-Nov-01,Kevin Garnett,PF,2001-2002,Minnesota Timberwolves,240
25,11-Nov-01,Vince Carter,SF,2001-2002,Toronto Raptors,220
25,11-Nov-01,Tim Duncan,FC,2001-2002,San Antonio Spurs,250
26,4-Nov-01,Ray Allen,SG,2001-2002,Milwaukee Bucks,205
23,4-Nov-01,Kobe Bryant,SG,2001-2002,Los Angeles Lakers,212
23,13-Apr-03,Tracy McGrady,GF,2002-2003,Orlando Magic,210
24,13-Apr-03,Shawn Marion,F,2002-2003,Phoenix Suns,228
29,6-Apr-03,Jason Kidd,PG,2002-2003,New Jersey Nets,210
30,6-Apr-03,Shaquille O'Neal,C,2002-2003,Los Angeles Lakers,325
22,30-Mar-03,Richard Jefferson,SF,2002-2003,New Jersey Nets,233
26,30-Mar-03,Tim Duncan,FC,2002-2003,San Antonio Spurs,250
28,23-Mar-03,Ben Wallace,FC,2002-2003,Detroit Pistons,240
25,23-Mar-03,Peja Stojakovic,F,2002-2003,Sacramento Kings,229
27,16-Mar-03,Allen Iverson,G,2002-2003,Philadelphia Sixers,165
26,16-Mar-03,Steve Francis,G,2002-2003,Houston Rockets,195
23,9-Mar-03,Tracy McGrady,GF,2002-2003,Orlando Magic,210
30,9-Mar-03,Shaquille O'Neal,C,2002-2003,Los Angeles Lakers,325
40,2-Mar-03,Michael Jordan,SG,2002-2003,Washington Wizards,215
27,2-Mar-03,Ray Allen,SG,2002-2003,Seattle SuperSonics,205
23,23-Feb-03,Tracy McGrady,GF,2002-2003,Orlando Magic,210
24,23-Feb-03,Kobe Bryant,SG,2002-2003,Los Angeles Lakers,212
31,16-Feb-03,Allan Houston,G,2002-2003,New York Knicks,205
26,16-Feb-03,Tim Duncan,FC,2002-2003,San Antonio Spurs,250
26,2-Feb-03,Chauncey Billups,G,2002-2003,Detroit Pistons,210
24,2-Feb-03,Kobe Bryant,SG,2002-2003,Los Angeles Lakers,212
25,26-Jan-03,Paul Pierce,SF,2002-2003,Boston Celtics,235
26,26-Jan-03,Tim Duncan,FC,2002-2003,San Antonio Spurs,250
26,19-Jan-03,Antoine Walker,F,2002-2003,Boston Celtics,265
26,19-Jan-03,Steve Francis,G,2002-2003,Houston Rockets,195
24,12-Jan-03,Jermaine O'Neal,FC,2002-2003,Indiana Pacers,235
24,12-Jan-03,Kobe Bryant,SG,2002-2003,Los Angeles Lakers,212
26,12-Jan-03,Stephon Marbury,G,2002-2003,Phoenix Suns,180
40,5-Jan-03,Michael Jordan,SG,2002-2003,Washington Wizards,215
24,5-Jan-03,Dirk Nowitzki,PF,2002-2003,Dallas Mavericks,245
32,29-Dec-02,Lucious Harris,SG,2002-2003,New Jersey Nets,190
26,29-Dec-02,Tim Duncan,FC,2002-2003,San Antonio Spurs,250
29,22-Dec-02,Jason Kidd,PG,2002-2003,New Jersey Nets,210
26,22-Dec-02,Tim Duncan,FC,2002-2003,San Antonio Spurs,250
26,15-Dec-02,Antoine Walker,F,2002-2003,Boston Celtics,265
29,15-Dec-02,Chris Webber,F-C,2002-2003,Sacramento Kings,245
25,8-Dec-02,Paul Pierce,SF,2002-2003,Boston Celtics,235
24,8-Dec-02,Kobe Bryant,SG,2002-2003,Los Angeles Lakers,212
27,1-Dec-02,Allen Iverson,G,2002-2003,Philadelphia Sixers,165
26,1-Dec-02,Stephon Marbury,G,2002-2003,Phoenix Suns,180
27,24-Nov-02,Allen Iverson,G,2002-2003,Philadelphia Sixers,165
26,24-Nov-02,Kevin Garnett,PF,2002-2003,Minnesota Timberwolves,240
23,17-Nov-02,Metta World Peace,SF,2002-2003,Indiana Pacers,260
23,17-Nov-02,Rashard Lewis,F,2002-2003,Seattle SuperSonics,235
28,10-Nov-02,Jerry Stackhouse,SF,2002-2003,Washington Wizards,218
24,10-Nov-02,Dirk Nowitzki,PF,2002-2003,Dallas Mavericks,245
30,3-Nov-02,Glenn Robinson,SF,2002-2003,Atlanta Hawks,225
24,3-Nov-02,Kobe Bryant,SG,2002-2003,Los Angeles Lakers,212
25,12-Apr-04,Jamaal Magloire,C,2003-2004,New Orleans Hornets,259
19,12-Apr-04,Carmelo Anthony,F,2003-2004,Denver Nuggets,240
23,5-Apr-04,Richard Jefferson,SF,2003-2004,New Jersey Nets,233
25,5-Apr-04,Dirk Nowitzki,PF,2003-2004,Dallas Mavericks,245
24,29-Mar-04,Metta World Peace,SF,2003-2004,Indiana Pacers,260
25,29-Mar-04,Kobe Bryant,SG,2003-2004,Los Angeles Lakers,212
27,21-Mar-04,Vince Carter,SF,2003-2004,Toronto Raptors,220
31,21-Mar-04,Shaquille O'Neal,C,2003-2004,Los Angeles Lakers,325
28,14-Mar-04,Zydrunas Ilgauskas,C,2003-2004,Cleveland Cavaliers,260
19,14-Mar-04,Carmelo Anthony,F,2003-2004,Denver Nuggets,240
24,7-Mar-04,Lamar Odom,PF,2003-2004,Miami Heat,230
23,7-Mar-04,Yao Ming,C,2003-2004,Houston Rockets,310
29,29-Feb-04,Ben Wallace,FC,2003-2004,Detroit Pistons,240
23,29-Feb-04,Andrei Kirilenko,PF,2003-2004,Utah Jazz,235
22,22-Feb-04,Dwyane Wade,SG,2003-2004,Miami Heat,220
25,22-Feb-04,Kobe Bryant,SG,2003-2004,Los Angeles Lakers,212
26,8-Feb-04,Kenyon Martin,F,2003-2004,New Jersey Nets,240
27,8-Feb-04,Tim Duncan,FC,2003-2004,San Antonio Spurs,250
30,1-Feb-04,Jason Kidd,PG,2003-2004,New Jersey Nets,210
27,1-Feb-04,Kevin Garnett,PF,2003-2004,Minnesota Timberwolves,240
22,25-Jan-04,Carlos Boozer,PF,2003-2004,Cleveland Cavaliers,266
27,25-Jan-04,Kevin Garnett,PF,2003-2004,Minnesota Timberwolves,240
27,18-Jan-04,Stephon Marbury,G,2003-2004,New York Knicks,180
30,18-Jan-04,Michael Finley,G-F,2003-2004,Dallas Mavericks,225
26,11-Jan-04,Paul Pierce,SF,2003-2004,Boston Celtics,235
28,11-Jan-04,Ray Allen,SG,2003-2004,Seattle SuperSonics,205
29,4-Jan-04,Ben Wallace,FC,2003-2004,Detroit Pistons,240
24,4-Jan-04,Elton Brand,PF,2003-2004,Los Angeles Clippers,254
30,28-Dec-03,Jason Kidd,PG,2003-2004,New Jersey Nets,210
34,28-Dec-03,Sam Cassell,G,2003-2004,Minnesota Timberwolves,185
24,21-Dec-03,Tracy McGrady,GF,2003-2004,Orlando Magic,210
27,21-Dec-03,Kevin Garnett,PF,2003-2004,Minnesota Timberwolves,240
26,14-Dec-03,Paul Pierce,SF,2003-2004,Boston Celtics,235
26,14-Dec-03,Peja Stojakovic,F,2003-2004,Sacramento Kings,229
27,7-Dec-03,Vince Carter,SF,2003-2004,Toronto Raptors,220
31,7-Dec-03,Shaquille O'Neal,C,2003-2004,Los Angeles Lakers,325
37,30-Nov-03,Dikembe Mutombo,C,2003-2004,New York Knicks,260
30,30-Nov-03,Voshon Lenard,SG,2003-2004,Denver Nuggets,205
27,23-Nov-03,Chauncey Billups,G,2003-2004,Detroit Pistons,210
27,23-Nov-03,Kevin Garnett,PF,2003-2004,Minnesota Timberwolves,240
28,16-Nov-03,Allen Iverson,G,2003-2004,Philadelphia Sixers,165
23,16-Nov-03,Quentin Richardson,GF,2003-2004,Los Angeles Clippers,223
24,9-Nov-03,Metta World Peace,SF,2003-2004,Indiana Pacers,260
23,9-Nov-03,Andrei Kirilenko,PF,2003-2004,Utah Jazz,235
24,2-Nov-03,Baron Davis,G,2003-2004,New Orleans Hornets,215
24,2-Nov-03,Rashard Lewis,F,2003-2004,Seattle SuperSonics,235
31,17-Apr-05,Jason Kidd,PG,2004-2005,New Jersey Nets,210
25,17-Apr-05,Tracy McGrady,GF,2004-2005,Houston Rockets,210
28,10-Apr-05,Vince Carter,SF,2004-2005,New Jersey Nets,220
25,10-Apr-05,Baron Davis,G,2004-2005,Golden State Warriors,215
39,3-Apr-05,Reggie Miller,SG,2004-2005,Indiana Pacers,185
25,3-Apr-05,Baron Davis,G,2004-2005,Golden State Warriors,215
29,27-Mar-05,Allen Iverson,G,2004-2005,Philadelphia Sixers,165
29,27-Mar-05,Ray Allen,SG,2004-2005,Seattle SuperSonics,205
28,20-Mar-05,Chauncey Billups,G,2004-2005,Detroit Pistons,210
24,20-Mar-05,Jason Richardson,GF,2004-2005,Golden State Warriors,225
27,13-Mar-05,Paul Pierce,SF,2004-2005,Boston Celtics,235
25,13-Mar-05,Tracy McGrady,GF,2004-2005,Houston Rockets,210
29,6-Mar-05,Allen Iverson,G,2004-2005,Philadelphia Sixers,165
30,6-Mar-05,Marcus Camby,C,2004-2005,Denver Nuggets,240
32,27-Feb-05,Jalen Rose,G,2004-2005,Toronto Raptors,210
26,27-Feb-05,Mike Bibby,G,2004-2005,Sacramento Kings,195
29,13-Feb-05,Allen Iverson,G,2004-2005,Philadelphia Sixers,165
31,13-Feb-05,Steve Nash,G,2004-2005,Phoenix Suns,178
27,6-Feb-05,Paul Pierce,SF,2004-2005,Boston Celtics,235
25,6-Feb-05,Tracy McGrady,GF,2004-2005,Houston Rockets,210
28,30-Jan-05,Vince Carter,SF,2004-2005,New Jersey Nets,220
28,30-Jan-05,Brad Miller,C,2004-2005,Sacramento Kings,261
20,23-Jan-05,LeBron James,F,2004-2005,Cleveland Cavaliers,250
27,23-Jan-05,Jason Terry,G,2004-2005,Dallas Mavericks,185
26,16-Jan-05,Larry Hughes,G,2004-2005,Washington Wizards,184
25,16-Jan-05,Tracy McGrady,GF,2004-2005,Houston Rockets,210
20,9-Jan-05,Chris Bosh,PF,2004-2005,Toronto Raptors,235
33,9-Jan-05,Bruce Bowen,F,2004-2005,San Antonio Spurs,200
28,2-Jan-05,Stephon Marbury,G,2004-2005,New York Knicks,180
24,2-Jan-05,Pau Gasol,FC,2004-2005,Memphis Grizzlies,250
29,26-Dec-04,Allen Iverson,G,2004-2005,Philadelphia Sixers,165
31,26-Dec-04,Steve Nash,G,2004-2005,Phoenix Suns,178
32,19-Dec-04,Shaquille O'Neal,C,2004-2005,Miami Heat,325
26,19-Dec-04,Shawn Marion,F,2004-2005,Phoenix Suns,228
24,12-Dec-04,Richard Jefferson,SF,2004-2005,New Jersey Nets,233
22,12-Dec-04,Amar'e Stoudemire,FC,2004-2005,Phoenix Suns,245
23,5-Dec-04,Gilbert Arenas,G,2004-2005,Washington Wizards,191
26,5-Dec-04,Dirk Nowitzki,PF,2004-2005,Dallas Mavericks,245
20,28-Nov-04,LeBron James,F,2004-2005,Cleveland Cavaliers,250
26,28-Nov-04,Shawn Marion,F,2004-2005,Phoenix Suns,228
32,21-Nov-04,Grant Hill,SF,2004-2005,Orlando Magic,225
22,21-Nov-04,Amar'e Stoudemire,FC,2004-2005,Phoenix Suns,245
20,14-Nov-04,LeBron James,F,2004-2005,Cleveland Cavaliers,250
29,14-Nov-04,Ray Allen,SG,2004-2005,Seattle SuperSonics,205
23,7-Nov-04,Dwyane Wade,SG,2004-2005,Miami Heat,220
28,7-Nov-04,Kevin Garnett,PF,2004-2005,Minnesota Timberwolves,240
22,16-Apr-06,Ben Gordon,SG,2005-2006,Chicago Bulls,200
27,16-Apr-06,Kobe Bryant,SG,2005-2006,Los Angeles Lakers,212
25,9-Apr-06,Jamal Crawford,SG,2005-2006,New York Knicks,195
23,9-Apr-06,Chris Wilcox,FC,2005-2006,Seattle SuperSonics,235
21,2-Apr-06,LeBron James,F,2005-2006,Cleveland Cavaliers,250
25,2-Apr-06,Yao Ming,C,2005-2006,Houston Rockets,310
21,26-Mar-06,LeBron James,F,2005-2006,Cleveland Cavaliers,250
25,26-Mar-06,Pau Gasol,FC,2005-2006,Memphis Grizzlies,250
21,19-Mar-06,LeBron James,F,2005-2006,Cleveland Cavaliers,250
21,19-Mar-06,Carmelo Anthony,F,2005-2006,Denver Nuggets,240
28,12-Mar-06,Paul Pierce,SF,2005-2006,Boston Celtics,235
27,12-Mar-06,Mike Bibby,G,2005-2006,Sacramento Kings,195
30,5-Mar-06,Allen Iverson,G,2005-2006,Philadelphia Sixers,165
25,5-Mar-06,Pau Gasol,FC,2005-2006,Memphis Grizzlies,250
24,27-Feb-06,Gilbert Arenas,G,2005-2006,Washington Wizards,191
25,27-Feb-06,Yao Ming,C,2005-2006,Houston Rockets,310
24,13-Feb-06,Gilbert Arenas,G,2005-2006,Washington Wizards,191
23,13-Feb-06,Tony Parker,G,2005-2006,San Antonio Spurs,185
21,6-Feb-06,Chris Bosh,PF,2005-2006,Toronto Raptors,235
20,6-Feb-06,Chris Paul,PG,2005-2006,New Orleans Hornets,175
21,30-Jan-06,LeBron James,F,2005-2006,Cleveland Cavaliers,250
26,30-Jan-06,Elton Brand,PF,2005-2006,Los Angeles Clippers,254
28,22-Jan-06,Richard Hamilton,SG,2005-2006,Detroit Pistons,193
27,22-Jan-06,Kobe Bryant,SG,2005-2006,Los Angeles Lakers,212
30,15-Jan-06,Allen Iverson,G,2005-2006,Philadelphia Sixers,165
29,15-Jan-06,Kevin Garnett,PF,2005-2006,Minnesota Timberwolves,240
30,8-Jan-06,Mike James,G,2005-2006,Toronto Raptors,188
32,8-Jan-06,Steve Nash,G,2005-2006,Phoenix Suns,178
24,1-Jan-06,Dwyane Wade,SG,2005-2006,Miami Heat,220
27,1-Jan-06,Shawn Marion,F,2005-2006,Phoenix Suns,228
29,26-Dec-05,Vince Carter,SF,2005-2006,New Jersey Nets,220
27,26-Dec-05,Kobe Bryant,SG,2005-2006,Los Angeles Lakers,212
24,19-Dec-05,Joe Johnson,SG,2005-2006,Atlanta Hawks,240
27,19-Dec-05,Kobe Bryant,SG,2005-2006,Los Angeles Lakers,212
30,12-Dec-05,Allen Iverson,G,2005-2006,Philadelphia Sixers,165
26,12-Dec-05,Elton Brand,PF,2005-2006,Los Angeles Clippers,254
24,5-Dec-05,Dwyane Wade,SG,2005-2006,Miami Heat,220
26,5-Dec-05,Baron Davis,G,2005-2006,Golden State Warriors,215
23,28-Nov-05,Gerald Wallace,F,2005-2006,Charlotte Bobcats,220
32,28-Nov-05,Steve Nash,G,2005-2006,Phoenix Suns,178
21,21-Nov-05,LeBron James,F,2005-2006,Cleveland Cavaliers,250
26,21-Nov-05,Elton Brand,PF,2005-2006,Los Angeles Clippers,254
24,14-Nov-05,Gilbert Arenas,G,2005-2006,Washington Wizards,191
31,14-Nov-05,Marcus Camby,C,2005-2006,Denver Nuggets,240
22,7-Nov-05,T.J. Ford,PG,2005-2006,Milwaukee Bucks,165
27,7-Nov-05,Kobe Bryant,SG,2005-2006,Los Angeles Lakers,212
23,15-Apr-07,Ben Gordon,SG,2006-2007,Chicago Bulls,200
27,15-Apr-07,Tracy McGrady,GF,2006-2007,Houston Rockets,210
24,8-Apr-07,Gerald Wallace,F,2006-2007,Charlotte Bobcats,220
30,8-Apr-07,Tim Duncan,FC,2006-2007,San Antonio Spurs,250
22,1-Apr-07,Chris Bosh,PF,2006-2007,Toronto Raptors,235
26,1-Apr-07,Yao Ming,C,2006-2007,Houston Rockets,310
24,25-Mar-07,Gerald Wallace,F,2006-2007,Charlotte Bobcats,220
28,25-Mar-07,Kobe Bryant,SG,2006-2007,Los Angeles Lakers,212
33,18-Mar-07,Jason Kidd,PG,2006-2007,New Jersey Nets,210
28,18-Mar-07,Kobe Bryant,SG,2006-2007,Los Angeles Lakers,212
22,11-Mar-07,LeBron James,F,2006-2007,Cleveland Cavaliers,250
29,11-Mar-07,Manu Ginobili,SG,2006-2007,San Antonio Spurs,205
22,4-Mar-07,Al Jefferson,FC,2006-2007,Boston Celtics,289
24,4-Mar-07,Kevin Martin,SG,2006-2007,Sacramento Kings,199
30,25-Feb-07,Vince Carter,SF,2006-2007,New Jersey Nets,220
24,25-Feb-07,Amar'e Stoudemire,FC,2006-2007,Phoenix Suns,245
25,11-Feb-07,Dwyane Wade,SG,2006-2007,Miami Heat,220
22,11-Feb-07,Carmelo Anthony,F,2006-2007,Denver Nuggets,240
25,4-Feb-07,Dwyane Wade,SG,2006-2007,Miami Heat,220
27,4-Feb-07,Mehmet Okur,FC,2006-2007,Utah Jazz,249
23,28-Jan-07,Ben Gordon,SG,2006-2007,Chicago Bulls,200
33,28-Jan-07,Steve Nash,G,2006-2007,Phoenix Suns,178
26,21-Jan-07,Caron Butler,SF,2006-2007,Washington Wizards,228
33,21-Jan-07,Steve Nash,G,2006-2007,Phoenix Suns,178
25,14-Jan-07,Dwyane Wade,SG,2006-2007,Miami Heat,220
28,14-Jan-07,Dirk Nowitzki,PF,2006-2007,Dallas Mavericks,245
25,7-Jan-07,Gilbert Arenas,G,2006-2007,Washington Wizards,191
30,7-Jan-07,Kevin Garnett,PF,2006-2007,Minnesota Timberwolves,240
27,31-Dec-06,Michael Redd,G,2006-2007,Milwaukee Bucks,220
26,31-Dec-06,Josh Howard,GF,2006-2007,Dallas Mavericks,210
24,24-Dec-06,Mo Williams,G,2006-2007,Milwaukee Bucks,198
26,24-Dec-06,Josh Howard,GF,2006-2007,Dallas Mavericks,210
25,17-Dec-06,Gilbert Arenas,G,2006-2007,Washington Wizards,191
25,17-Dec-06,Carlos Boozer,PF,2006-2007,Utah Jazz,266
25,10-Dec-06,Gilbert Arenas,G,2006-2007,Washington Wizards,191
33,10-Dec-06,Steve Nash,G,2006-2007,Phoenix Suns,178
27,3-Dec-06,Michael Redd,G,2006-2007,Milwaukee Bucks,220
22,3-Dec-06,Carmelo Anthony,F,2006-2007,Denver Nuggets,240
21,26-Nov-06,Dwight Howard,C,2006-2007,Orlando Magic,265
22,26-Nov-06,Carmelo Anthony,F,2006-2007,Denver Nuggets,240
22,19-Nov-06,LeBron James,F,2006-2007,Cleveland Cavaliers,250
28,19-Nov-06,Dirk Nowitzki,PF,2006-2007,Dallas Mavericks,245
25,12-Nov-06,Joe Johnson,SG,2006-2007,Atlanta Hawks,240
26,12-Nov-06,Yao Ming,C,2006-2007,Houston Rockets,310
31,6-Nov-06,Allen Iverson,G,2006-2007,Philadelphia Sixers,165
25,6-Nov-06,Carlos Boozer,PF,2006-2007,Utah Jazz,266
31,13-Apr-08,Kevin Garnett,PF,2007-2008,Boston Celtics,240
32,13-Apr-08,Allen Iverson,G,2007-2008,Denver Nuggets,165
26,6-Apr-08,Joe Johnson,SG,2007-2008,Atlanta Hawks,240
29,6-Apr-08,Kobe Bryant,SG,2007-2008,Los Angeles Lakers,212
27,30-Mar-08,Jason Richardson,GF,2007-2008,Charlotte Bobcats,225
23,30-Mar-08,Carmelo Anthony,F,2007-2008,Denver Nuggets,240
31,23-Mar-08,Kevin Garnett,PF,2007-2008,Boston Celtics,240
22,23-Mar-08,Chris Paul,PG,2007-2008,New Orleans Hornets,175
31,16-Mar-08,Antawn Jamison,F,2007-2008,Washington Wizards,235
25,16-Mar-08,Amar'e Stoudemire,FC,2007-2008,Phoenix Suns,245
27,9-Mar-08,Jason Richardson,GF,2007-2008,Charlotte Bobcats,225
28,9-Mar-08,Tracy McGrady,GF,2007-2008,Houston Rockets,210
31,2-Mar-08,Andre Miller,PG,2007-2008,Philadelphia Sixers,200
29,2-Mar-08,Kobe Bryant,SG,2007-2008,Los Angeles Lakers,212
23,24-Feb-08,LeBron James,F,2007-2008,Cleveland Cavaliers,250
30,24-Feb-08,Manu Ginobili,SG,2007-2008,San Antonio Spurs,205
31,10-Feb-08,Andre Miller,PG,2007-2008,Philadelphia Sixers,200
25,10-Feb-08,Amar'e Stoudemire,FC,2007-2008,Phoenix Suns,245
28,3-Feb-08,Hedo Turkoglu,F,2007-2008,Orlando Magic,220
31,3-Feb-08,Brad Miller,C,2007-2008,Sacramento Kings,261
28,27-Jan-08,Hedo Turkoglu,F,2007-2008,Orlando Magic,220
23,27-Jan-08,Al Jefferson,FC,2007-2008,Minnesota Timberwolves,289
25,20-Jan-08,Gerald Wallace,F,2007-2008,Charlotte Bobcats,220
28,20-Jan-08,Baron Davis,G,2007-2008,Golden State Warriors,215
23,13-Jan-08,Chris Bosh,PF,2007-2008,Toronto Raptors,235
29,13-Jan-08,Kobe Bryant,SG,2007-2008,Los Angeles Lakers,212
23,6-Jan-08,LeBron James,F,2007-2008,Cleveland Cavaliers,250
32,6-Jan-08,Allen Iverson,G,2007-2008,Denver Nuggets,165
30,30-Dec-07,Paul Pierce,SF,2007-2008,Boston Celtics,235
22,30-Dec-07,Chris Paul,PG,2007-2008,New Orleans Hornets,175
26,23-Dec-07,Joe Johnson,SG,2007-2008,Atlanta Hawks,240
23,23-Dec-07,Carmelo Anthony,F,2007-2008,Denver Nuggets,240
30,16-Dec-07,Paul Pierce,SF,2007-2008,Boston Celtics,235
23,16-Dec-07,Brandon Roy,G,2007-2008,Portland Trail Blazers,211
22,9-Dec-07,Josh Smith,PF,2007-2008,Atlanta Hawks,225
23,9-Dec-07,Brandon Roy,G,2007-2008,Portland Trail Blazers,211
22,2-Dec-07,Dwight Howard,C,2007-2008,Orlando Magic,265
29,2-Dec-07,Stephen Jackson,GF,2007-2008,Golden State Warriors,220
23,25-Nov-07,LeBron James,F,2007-2008,Cleveland Cavaliers,250
25,25-Nov-07,Tony Parker,G,2007-2008,San Antonio Spurs,185
22,18-Nov-07,Dwight Howard,C,2007-2008,Orlando Magic,265
32,18-Nov-07,Allen Iverson,G,2007-2008,Denver Nuggets,165
31,11-Nov-07,Kevin Garnett,PF,2007-2008,Boston Celtics,240
27,11-Nov-07,Yao Ming,C,2007-2008,Houston Rockets,310
24,4-Nov-07,Danny Granger,GF,2007-2008,Indiana Pacers,222
28,4-Nov-07,Tracy McGrady,GF,2007-2008,Houston Rockets,210
25,13-Apr-09,Ben Gordon,SG,2008-2009,Chicago Bulls,200
24,13-Apr-09,Brandon Roy,G,2008-2009,Portland Trail Blazers,211
23,6-Apr-09,Dwight Howard,C,2008-2009,Orlando Magic,265
35,6-Apr-09,Jason Kidd,PG,2008-2009,Dallas Mavericks,210
23,30-Mar-09,Dwight Howard,C,2008-2009,Orlando Magic,265
26,30-Mar-09,Tony Parker,G,2008-2009,San Antonio Spurs,185
24,23-Mar-09,LeBron James,F,2008-2009,Cleveland Cavaliers,250
23,23-Mar-09,Chris Paul,PG,2008-2009,New Orleans Hornets,175
24,16-Mar-09,LeBron James,F,2008-2009,Cleveland Cavaliers,250
30,16-Mar-09,Kobe Bryant,SG,2008-2009,Los Angeles Lakers,212
27,9-Mar-09,Dwyane Wade,SG,2008-2009,Miami Heat,220
24,9-Mar-09,Deron Williams,PG,2008-2009,Utah Jazz,200
26,2-Mar-09,Devin Harris,G,2008-2009,New Jersey Nets,185
28,2-Mar-09,David West,PF,2008-2009,New Orleans Hornets,250
23,23-Feb-09,Dwight Howard,C,2008-2009,Orlando Magic,265
28,23-Feb-09,Pau Gasol,FC,2008-2009,Los Angeles Lakers,250
24,9-Feb-09,LeBron James,F,2008-2009,Cleveland Cavaliers,250
28,9-Feb-09,Pau Gasol,FC,2008-2009,Los Angeles Lakers,250
25,2-Feb-09,David Lee,FC,2008-2009,New York Knicks,245
26,2-Feb-09,Tony Parker,G,2008-2009,San Antonio Spurs,185
24,26-Jan-09,LeBron James,F,2008-2009,Cleveland Cavaliers,250
21,26-Jan-09,Andrew Bynum,C,2008-2009,Los Angeles Lakers,285
27,19-Jan-09,Jameer Nelson,G,2008-2009,Orlando Magic,190
23,19-Jan-09,Chris Paul,PG,2008-2009,New Orleans Hornets,175
23,12-Jan-09,Dwight Howard,C,2008-2009,Orlando Magic,265
30,12-Jan-09,Kobe Bryant,SG,2008-2009,Los Angeles Lakers,212
22,5-Jan-09,Rodney Stuckey,G,2008-2009,Detroit Pistons,205
24,5-Jan-09,Al Jefferson,FC,2008-2009,Minnesota Timberwolves,289
24,29-Dec-08,LeBron James,F,2008-2009,Cleveland Cavaliers,250
30,29-Dec-08,Kobe Bryant,SG,2008-2009,Los Angeles Lakers,212
27,22-Dec-08,Jameer Nelson,G,2008-2009,Orlando Magic,190
23,22-Dec-08,Chris Paul,PG,2008-2009,New Orleans Hornets,175
29,15-Dec-08,Al Harrington,F,2008-2009,New York Knicks,245
32,15-Dec-08,Tim Duncan,FC,2008-2009,San Antonio Spurs,250
27,8-Dec-08,Dwyane Wade,SG,2008-2009,Miami Heat,220
30,8-Dec-08,Dirk Nowitzki,PF,2008-2009,Dallas Mavericks,245
26,1-Dec-08,Devin Harris,G,2008-2009,New Jersey Nets,185
24,1-Dec-08,Brandon Roy,G,2008-2009,Portland Trail Blazers,211
27,24-Nov-08,Dwyane Wade,SG,2008-2009,Miami Heat,220
30,24-Nov-08,Dirk Nowitzki,PF,2008-2009,Dallas Mavericks,245
24,17-Nov-08,LeBron James,F,2008-2009,Cleveland Cavaliers,250
32,17-Nov-08,Chauncey Billups,G,2008-2009,Denver Nuggets,210
24,10-Nov-08,LeBron James,F,2008-2009,Cleveland Cavaliers,250
26,10-Nov-08,Amar'e Stoudemire,FC,2008-2009,Phoenix Suns,245
24,3-Nov-08,Chris Bosh,PF,2008-2009,Toronto Raptors,235
23,3-Nov-08,Chris Paul,PG,2008-2009,New Orleans Hornets,175
24,12-Apr-10,Dwight Howard,C,2009-2010,Orlando Magic,265
31,12-Apr-10,Dirk Nowitzki,PF,2009-2010,Dallas Mavericks,245
25,5-Apr-10,Chris Bosh,PF,2009-2010,Toronto Raptors,235
21,5-Apr-10,Kevin Durant,SF,2009-2010,Oklahoma City Thunder,240
28,29-Mar-10,Dwyane Wade,SG,2009-2010,Miami Heat,220
32,29-Mar-10,Manu Ginobili,SG,2009-2010,San Antonio Spurs,205
32,22-Mar-10,Paul Pierce,SF,2009-2010,Boston Celtics,235
29,22-Mar-10,Pau Gasol,FC,2009-2010,Los Angeles Lakers,250
25,15-Mar-10,Andrew Bogut,C,2009-2010,Milwaukee Bucks,260
25,15-Mar-10,Brandon Roy,G,2009-2010,Portland Trail Blazers,211
28,8-Mar-10,Dwyane Wade,SG,2009-2010,Miami Heat,220
31,8-Mar-10,Dirk Nowitzki,PF,2009-2010,Dallas Mavericks,245
25,1-Mar-10,LeBron James,F,2009-2010,Cleveland Cavaliers,250
31,1-Mar-10,Dirk Nowitzki,PF,2009-2010,Dallas Mavericks,245
24,22-Feb-10,Dwight Howard,C,2009-2010,Orlando Magic,265
28,22-Feb-10,Carlos Boozer,PF,2009-2010,Utah Jazz,266
25,8-Feb-10,LeBron James,F,2009-2010,Cleveland Cavaliers,250
21,8-Feb-10,Russell Westbrook,G,2009-2010,Oklahoma City Thunder,200
25,1-Feb-10,Chris Bosh,PF,2009-2010,Toronto Raptors,235
21,1-Feb-10,Kevin Durant,SF,2009-2010,Oklahoma City Thunder,240
25,25-Jan-10,LeBron James,F,2009-2010,Cleveland Cavaliers,250
33,25-Jan-10,Chauncey Billups,G,2009-2010,Denver Nuggets,210
31,19-Jan-10,Stephen Jackson,GF,2009-2010,Charlotte Bobcats,220
25,19-Jan-10,Carmelo Anthony,F,2009-2010,Denver Nuggets,240
25,11-Jan-10,LeBron James,F,2009-2010,Cleveland Cavaliers,250
27,11-Jan-10,Chris Kaman,C,2009-2010,Los Angeles Clippers,265
21,4-Jan-10,Derrick Rose,PG,2009-2010,Chicago Bulls,190
21,4-Jan-10,Kevin Durant,SF,2009-2010,Oklahoma City Thunder,240
25,28-Dec-09,LeBron James,F,2009-2010,Cleveland Cavaliers,250
31,28-Dec-09,Kobe Bryant,SG,2009-2010,Los Angeles Lakers,212
24,21-Dec-09,Dwight Howard,C,2009-2010,Orlando Magic,265
31,21-Dec-09,Kobe Bryant,SG,2009-2010,Los Angeles Lakers,212
23,14-Dec-09,Rodney Stuckey,G,2009-2010,Detroit Pistons,205
25,14-Dec-09,Deron Williams,PG,2009-2010,Utah Jazz,200
33,7-Dec-09,Kevin Garnett,PF,2009-2010,Boston Celtics,240
28,7-Dec-09,Carlos Boozer,PF,2009-2010,Utah Jazz,266
27,30-Nov-09,Gerald Wallace,F,2009-2010,Charlotte Bobcats,220
33,30-Nov-09,Tim Duncan,FC,2009-2010,San Antonio Spurs,250
25,23-Nov-09,LeBron James,F,2009-2010,Cleveland Cavaliers,250
31,23-Nov-09,Kobe Bryant,SG,2009-2010,Los Angeles Lakers,212
20,16-Nov-09,Brandon Jennings,G,2009-2010,Milwaukee Bucks,170
31,16-Nov-09,Dirk Nowitzki,PF,2009-2010,Dallas Mavericks,245
28,9-Nov-09,Joe Johnson,SG,2009-2010,Atlanta Hawks,240
27,9-Nov-09,Chris Kaman,C,2009-2010,Los Angeles Clippers,265
24,2-Nov-09,Dwight Howard,C,2009-2010,Orlando Magic,265
25,2-Nov-09,Carmelo Anthony,F,2009-2010,Denver Nuggets,240
26,11-Apr-11,Carmelo Anthony,F,2010-2011,New York Knicks,240
22,11-Apr-11,Kevin Durant,SF,2010-2011,Oklahoma City Thunder,240
26,4-Apr-11,Carmelo Anthony,F,2010-2011,New York Knicks,240
29,4-Apr-11,Zach Randolph,PF,2010-2011,Memphis Grizzlies,260
25,28-Mar-11,Dwight Howard,C,2010-2011,Orlando Magic,265
32,28-Mar-11,Kobe Bryant,SG,2010-2011,Los Angeles Lakers,212
26,21-Mar-11,LeBron James,F,2010-2011,Miami Heat,250
24,21-Mar-11,Kyle Lowry,PG,2010-2011,Houston Rockets,196
29,14-Mar-11,Dwyane Wade,SG,2010-2011,Miami Heat,220
28,14-Mar-11,Tony Parker,G,2010-2011,San Antonio Spurs,185
33,7-Mar-11,Paul Pierce,SF,2010-2011,Boston Celtics,235
22,7-Mar-11,Russell Westbrook,G,2010-2011,Oklahoma City Thunder,200
25,28-Feb-11,Dwight Howard,C,2010-2011,Orlando Magic,265
28,28-Feb-11,Kevin Martin,SG,2010-2011,Houston Rockets,199
25,14-Feb-11,Dwight Howard,C,2010-2011,Orlando Magic,265
25,14-Feb-11,LaMarcus Aldridge,FC,2010-2011,Portland Trail Blazers,260
26,7-Feb-11,LeBron James,F,2010-2011,Miami Heat,250
22,7-Feb-11,Kevin Durant,SF,2010-2011,Oklahoma City Thunder,240
26,31-Jan-11,LeBron James,F,2010-2011,Miami Heat,250
29,31-Jan-11,Zach Randolph,PF,2010-2011,Memphis Grizzlies,260
25,24-Jan-11,Dwight Howard,C,2010-2011,Orlando Magic,265
25,24-Jan-11,LaMarcus Aldridge,FC,2010-2011,Portland Trail Blazers,260
22,18-Jan-11,Derrick Rose,PG,2010-2011,Chicago Bulls,190
22,18-Jan-11,Russell Westbrook,G,2010-2011,Oklahoma City Thunder,200
26,10-Jan-11,LeBron James,F,2010-2011,Miami Heat,250
29,10-Jan-11,Zach Randolph,PF,2010-2011,Memphis Grizzlies,260
29,3-Jan-11,Dwyane Wade,SG,2010-2011,Miami Heat,220
34,3-Jan-11,Chauncey Billups,G,2010-2011,Denver Nuggets,210
26,27-Dec-10,LeBron James,F,2010-2011,Miami Heat,250
25,27-Dec-10,Monta Ellis,G,2010-2011,Golden State Warriors,185
33,20-Dec-10,Paul Pierce,SF,2010-2011,Boston Celtics,235
28,20-Dec-10,Tony Parker,G,2010-2011,San Antonio Spurs,185
29,13-Dec-10,Dwyane Wade,SG,2010-2011,Miami Heat,220
32,13-Dec-10,Dirk Nowitzki,PF,2010-2011,Dallas Mavericks,245
28,6-Dec-10,Amar'e Stoudemire,FC,2010-2011,New York Knicks,245
22,6-Dec-10,Russell Westbrook,G,2010-2011,Oklahoma City Thunder,200
25,29-Nov-10,Dwight Howard,C,2010-2011,Orlando Magic,265
32,29-Nov-10,Dirk Nowitzki,PF,2010-2011,Dallas Mavericks,245
28,22-Nov-10,Amar'e Stoudemire,FC,2010-2011,New York Knicks,245
22,22-Nov-10,Russell Westbrook,G,2010-2011,Oklahoma City Thunder,200
22,15-Nov-10,Derrick Rose,PG,2010-2011,Chicago Bulls,190
26,15-Nov-10,Deron Williams,PG,2010-2011,Utah Jazz,200
25,8-Nov-10,Dwight Howard,C,2010-2011,Orlando Magic,265
25,8-Nov-10,Chris Paul,PG,2010-2011,New Orleans Hornets,175
25,1-Nov-10,Rajon Rondo,PG,2010-2011,Boston Celtics,186
30,1-Nov-10,Pau Gasol,FC,2010-2011,Los Angeles Lakers,250
27,23-Apr-12,LeBron James,F,2011-2012,Miami Heat,250
27,23-Apr-12,Al Jefferson,FC,2011-2012,Utah Jazz,289
35,16-Apr-12,Kevin Garnett,PF,2011-2012,Boston Celtics,240
24,16-Apr-12,Andrew Bynum,C,2011-2012,Los Angeles Lakers,285
27,9-Apr-12,LeBron James,F,2011-2012,Miami Heat,250
25,9-Apr-12,Goran Dragic,G,2011-2012,Houston Rockets,190
34,2-Apr-12,Paul Pierce,SF,2011-2012,Boston Celtics,235
26,2-Apr-12,Chris Paul,PG,2011-2012,Los Angeles Clippers,175
30,26-Mar-12,Joe Johnson,SG,2011-2012,Atlanta Hawks,240
23,26-Mar-12,Kevin Durant,SF,2011-2012,Oklahoma City Thunder,240
30,19-Mar-12,Drew Gooden,FC,2011-2012,Milwaukee Bucks,250
24,19-Mar-12,Andrew Bynum,C,2011-2012,Los Angeles Lakers,285
24,12-Mar-12,Ersan Ilyasova,F,2011-2012,Milwaukee Bucks,235
26,12-Mar-12,Monta Ellis,G,2011-2012,Golden State Warriors,185
23,5-Mar-12,Derrick Rose,PG,2011-2012,Chicago Bulls,190
24,5-Mar-12,Ty Lawson,PG,2011-2012,Denver Nuggets,195
27,20-Feb-12,LeBron James,F,2011-2012,Miami Heat,250
23,20-Feb-12,Kevin Durant,SF,2011-2012,Oklahoma City Thunder,240
23,13-Feb-12,Jeremy Lin,G,2011-2012,New York Knicks,200
23,13-Feb-12,Russell Westbrook,G,2011-2012,Oklahoma City Thunder,200
34,6-Feb-12,Paul Pierce,SF,2011-2012,Boston Celtics,235
29,6-Feb-12,Tony Parker,G,2011-2012,San Antonio Spurs,185
27,30-Jan-12,LeBron James,F,2011-2012,Miami Heat,250
23,30-Jan-12,Russell Westbrook,G,2011-2012,Oklahoma City Thunder,200
26,23-Jan-12,Dwight Howard,C,2011-2012,Orlando Magic,265
27,23-Jan-12,Marc Gasol,C,2011-2012,Memphis Grizzlies,255
23,16-Jan-12,Derrick Rose,PG,2011-2012,Chicago Bulls,190
33,16-Jan-12,Kobe Bryant,SG,2011-2012,Los Angeles Lakers,212
27,9-Jan-12,LeBron James,F,2011-2012,Miami Heat,250
33,9-Jan-12,Kobe Bryant,SG,2011-2012,Los Angeles Lakers,212
27,3-Jan-12,LeBron James,F,2011-2012,Miami Heat,250
23,3-Jan-12,Kevin Durant,SF,2011-2012,Oklahoma City Thunder,240
28,15-Apr-13,Carmelo Anthony,F,2012-2013,New York Knicks,240
34,15-Apr-13,Kobe Bryant,SG,2012-2013,Los Angeles Lakers,212
28,8-Apr-13,Carmelo Anthony,F,2012-2013,New York Knicks,240
27,8-Apr-13,Nikola Pekovic,PF,2012-2013,Minnesota Timberwolves,307
27,1-Apr-13,J.R. Smith,SG,2012-2013,New York Knicks,225
28,1-Apr-13,Al Jefferson,FC,2012-2013,Utah Jazz,289
28,25-Mar-13,LeBron James,F,2012-2013,Miami Heat,250
23,25-Mar-13,James Harden,SG,2012-2013,Houston Rockets,220
22,18-Mar-13,John Wall,PG,2012-2013,Washington Wizards,210
27,18-Mar-13,LaMarcus Aldridge,FC,2012-2013,Portland Trail Blazers,260
31,11-Mar-13,Dwyane Wade,SG,2012-2013,Miami Heat,220
34,11-Mar-13,Kobe Bryant,SG,2012-2013,Los Angeles Lakers,212
27,4-Mar-13,Monta Ellis,G,2012-2013,Milwaukee Bucks,185
25,4-Mar-13,Ty Lawson,PG,2012-2013,Denver Nuggets,195
28,25-Feb-13,LeBron James,F,2012-2013,Miami Heat,250
34,25-Feb-13,Kobe Bryant,SG,2012-2013,Los Angeles Lakers,212
28,11-Feb-13,LeBron James,F,2012-2013,Miami Heat,250
24,11-Feb-13,Russell Westbrook,G,2012-2013,Oklahoma City Thunder,200
28,4-Feb-13,Nate Robinson,G,2012-2013,Chicago Bulls,180
29,4-Feb-13,David Lee,FC,2012-2013,Golden State Warriors,245
20,28-Jan-13,Kyrie Irving,G,2012-2013,Cleveland Cavaliers,193
30,28-Jan-13,Tony Parker,G,2012-2013,San Antonio Spurs,185
31,21-Jan-13,Carlos Boozer,PF,2012-2013,Chicago Bulls,266
24,21-Jan-13,Kevin Durant,SF,2012-2013,Oklahoma City Thunder,240
23,14-Jan-13,Brandon Jennings,G,2012-2013,Milwaukee Bucks,170
24,14-Jan-13,Kevin Durant,SF,2012-2013,Oklahoma City Thunder,240
28,7-Jan-13,Carmelo Anthony,F,2012-2013,New York Knicks,240
23,7-Jan-13,James Harden,SG,2012-2013,Houston Rockets,220
27,31-Dec-12,Monta Ellis,G,2012-2013,Milwaukee Bucks,185
26,31-Dec-12,Greivis Vasquez,G,2012-2013,New Orleans Hornets,217
28,24-Dec-12,LeBron James,F,2012-2013,Miami Heat,250
27,24-Dec-12,Chris Paul,PG,2012-2013,Los Angeles Clippers,175
22,17-Dec-12,Paul George,GF,2012-2013,Indiana Pacers,220
29,17-Dec-12,David Lee,FC,2012-2013,Golden State Warriors,245
27,10-Dec-12,Josh Smith,PF,2012-2013,Atlanta Hawks,225
23,10-Dec-12,Blake Griffin,PF,2012-2013,Los Angeles Clippers,251
28,3-Dec-12,Carmelo Anthony,F,2012-2013,New York Knicks,240
24,3-Dec-12,Kevin Durant,SF,2012-2013,Oklahoma City Thunder,240
26,26-Nov-12,Al Horford,FC,2012-2013,Atlanta Hawks,245
36,26-Nov-12,Tim Duncan,FC,2012-2013,San Antonio Spurs,250
28,19-Nov-12,LeBron James,F,2012-2013,Miami Heat,250
24,19-Nov-12,Kevin Durant,SF,2012-2013,Oklahoma City Thunder,240
28,12-Nov-12,LeBron James,F,2012-2013,Miami Heat,250
23,12-Nov-12,Kenneth Faried,F,2012-2013,Denver Nuggets,228
23,5-Nov-12,Brandon Jennings,G,2012-2013,Milwaukee Bucks,170
23,5-Nov-12,James Harden,SG,2012-2013,Houston Rockets,220
25,14-Apr-14,Jeff Teague,PG,2013-2014,Atlanta Hawks,186
28,14-Apr-14,Monta Ellis,G,2013-2014,Dallas Mavericks,185
29,7-Apr-14,Al Jefferson,FC,2013-2014,Charlotte Bobcats,289
35,7-Apr-14,Dirk Nowitzki,PF,2013-2014,Dallas Mavericks,245
23,31-Mar-14,Nikola Vucevic,PF,2013-2014,Orlando Magic,260
37,31-Mar-14,Tim Duncan,FC,2013-2014,San Antonio Spurs,250
32,24-Mar-14,Joe Johnson,SG,2013-2014,Brooklyn Nets,240
25,24-Mar-14,Kevin Durant,SF,2013-2014,Oklahoma City Thunder,240
29,17-Mar-14,Al Jefferson,FC,2013-2014,Charlotte Bobcats,289
24,17-Mar-14,Blake Griffin,PF,2013-2014,Los Angeles Clippers,251
29,10-Mar-14,Carmelo Anthony,F,2013-2014,New York Knicks,240
24,10-Mar-14,James Harden,SG,2013-2014,Houston Rockets,220
23,3-Mar-14,John Wall,PG,2013-2014,Washington Wizards,210
24,3-Mar-14,James Harden,SG,2013-2014,Houston Rockets,220
23,24-Feb-14,Kemba Walker,G,2013-2014,Charlotte Bobcats,184
25,24-Feb-14,Kevin Love,FC,2013-2014,Minnesota Timberwolves,251
21,10-Feb-14,Jared Sullinger,C,2013-2014,Boston Celtics,260
25,10-Feb-14,Kevin Durant,SF,2013-2014,Oklahoma City Thunder,240
27,3-Feb-14,Kyle Lowry,PG,2013-2014,Toronto Raptors,196
27,3-Feb-14,Goran Dragic,G,2013-2014,Phoenix Suns,190
29,27-Jan-14,Paul Millsap,FC,2013-2014,Atlanta Hawks,246
25,27-Jan-14,Kevin Durant,SF,2013-2014,Oklahoma City Thunder,240
23,20-Jan-14,Paul George,GF,2013-2014,Indiana Pacers,220
25,20-Jan-14,Kevin Durant,SF,2013-2014,Oklahoma City Thunder,240
29,13-Jan-14,Carmelo Anthony,F,2013-2014,New York Knicks,240
23,13-Jan-14,DeMarcus Cousins,C,2013-2014,Sacramento Kings,270
25,6-Jan-14,Thaddeus Young,F,2013-2014,Philadelphia Sixers,221
30,6-Jan-14,David Lee,FC,2013-2014,Golden State Warriors,245
29,30-Dec-13,Chris Bosh,PF,2013-2014,Miami Heat,235
25,30-Dec-13,Kevin Durant,SF,2013-2014,Oklahoma City Thunder,240
32,23-Dec-13,Dwyane Wade,SG,2013-2014,Miami Heat,220
24,23-Dec-13,Blake Griffin,PF,2013-2014,Los Angeles Clippers,251
21,16-Dec-13,Kyrie Irving,G,2013-2014,Cleveland Cavaliers,193
28,16-Dec-13,LaMarcus Aldridge,FC,2013-2014,Portland Trail Blazers,260
25,9-Dec-13,Jordan Crawford,G,2013-2014,Boston Celtics,195
28,9-Dec-13,LaMarcus Aldridge,FC,2013-2014,Portland Trail Blazers,260
29,2-Dec-13,LeBron James,F,2013-2014,Miami Heat,250
25,2-Dec-13,Kevin Durant,SF,2013-2014,Oklahoma City Thunder,240
23,25-Nov-13,John Wall,PG,2013-2014,Washington Wizards,210
28,25-Nov-13,LaMarcus Aldridge,FC,2013-2014,Portland Trail Blazers,260
29,18-Nov-13,LeBron James,F,2013-2014,Miami Heat,250
24,18-Nov-13,Blake Griffin,PF,2013-2014,Los Angeles Clippers,251
23,11-Nov-13,Paul George,GF,2013-2014,Indiana Pacers,220
24,11-Nov-13,Markieff Morris,PF,2013-2014,Phoenix Suns,245
22,4-Nov-13,Michael Carter-Williams,PG,2013-2014,Philadelphia Sixers,190
25,4-Nov-13,Kevin Love,FC,2013-2014,Minnesota Timberwolves,251
26,13-Apr-15,Isaiah Thomas,PG,2014-2015,Boston Celtics,185
38,13-Apr-15,Tim Duncan,FC,2014-2015,San Antonio Spurs,250
26,6-Apr-15,Brook Lopez,C,2014-2015,Brooklyn Nets,268
25,6-Apr-15,James Harden,SG,2014-2015,Houston Rockets,220
26,30-Mar-15,Brook Lopez,C,2014-2015,Brooklyn Nets,268
26,30-Mar-15,Stephen Curry,G,2014-2015,Golden State Warriors,190
33,23-Mar-15,Dwyane Wade,SG,2014-2015,Miami Heat,220
29,23-Mar-15,Chris Paul,PG,2014-2015,Los Angeles Clippers,175
22,16-Mar-15,Kyrie Irving,G,2014-2015,Cleveland Cavaliers,193
21,16-Mar-15,Anthony Davis,PF,2014-2015,New Orleans Pelicans,253
32,9-Mar-15,Mo Williams,G,2014-2015,Charlotte Hornets,198
26,9-Mar-15,Russell Westbrook,G,2014-2015,Oklahoma City Thunder,200
26,2-Mar-15,Isaiah Thomas,PG,2014-2015,Boston Celtics,185
24,2-Mar-15,Damian Lillard,G,2014-2015,Portland Trail Blazers,195
20,9-Feb-15,Giannis Antetokounmpo,F,2014-2015,Milwaukee Bucks,222
26,9-Feb-15,Russell Westbrook,G,2014-2015,Oklahoma City Thunder,200
22,2-Feb-15,Kyrie Irving,G,2014-2015,Cleveland Cavaliers,193
33,2-Feb-15,Zach Randolph,PF,2014-2015,Memphis Grizzlies,260
30,26-Jan-15,LeBron James,F,2014-2015,Cleveland Cavaliers,250
25,26-Jan-15,Klay Thompson,G,2014-2015,Golden State Warriors,215
28,19-Jan-15,Al Horford,FC,2014-2015,Atlanta Hawks,245
32,19-Jan-15,Mo Williams,G,2014-2015,Minnesota Timberwolves,198
24,12-Jan-15,Kemba Walker,G,2014-2015,Charlotte Hornets,184
25,12-Jan-15,Klay Thompson,G,2014-2015,Golden State Warriors,215
26,5-Jan-15,Jeff Teague,PG,2014-2015,Atlanta Hawks,186
26,5-Jan-15,Kevin Durant,SF,2014-2015,Oklahoma City Thunder,240
25,29-Dec-14,Jimmy Butler,GF,2014-2015,Chicago Bulls,231
25,29-Dec-14,James Harden,SG,2014-2015,Houston Rockets,220
28,22-Dec-14,Al Horford,FC,2014-2015,Atlanta Hawks,245
29,22-Dec-14,LaMarcus Aldridge,FC,2014-2015,Portland Trail Blazers,260
24,15-Dec-14,John Wall,PG,2014-2015,Washington Wizards,210
25,15-Dec-14,James Harden,SG,2014-2015,Houston Rockets,220
28,8-Dec-14,Kyle Lowry,PG,2014-2015,Toronto Raptors,196
29,8-Dec-14,LaMarcus Aldridge,FC,2014-2015,Portland Trail Blazers,260
30,1-Dec-14,LeBron James,F,2014-2015,Cleveland Cavaliers,250
25,1-Dec-14,Blake Griffin,PF,2014-2015,Los Angeles Clippers,251
28,24-Nov-14,Lou Williams,G,2014-2015,Toronto Raptors,175
24,24-Nov-14,DeMarcus Cousins,C,2014-2015,Sacramento Kings,270
30,17-Nov-14,LeBron James,F,2014-2015,Cleveland Cavaliers,250
24,17-Nov-14,Damian Lillard,G,2014-2015,Portland Trail Blazers,195
30,10-Nov-14,Deron Williams,PG,2014-2015,Brooklyn Nets,200
26,10-Nov-14,Stephen Curry,G,2014-2015,Golden State Warriors,190
30,3-Nov-14,Chris Bosh,PF,2014-2015,Miami Heat,235
25,3-Nov-14,Klay Thompson,G,2014-2015,Golden State Warriors,215
31,11-Apr-16,Paul Millsap,FC,2015-2016,Atlanta Hawks,246
20,11-Apr-16,Karl-Anthony Towns,C,2015-2016,Minnesota Timberwolves,244
31,4-Apr-16,LeBron James,F,2015-2016,Cleveland Cavaliers,250
31,4-Apr-16,J.J. Barea,G,2015-2016,Dallas Mavericks,185
31,28-Mar-16,LeBron James,F,2015-2016,Cleveland Cavaliers,250
26,28-Mar-16,Klay Thompson,G,2015-2016,Golden State Warriors,215
29,21-Mar-16,Kyle Lowry,PG,2015-2016,Toronto Raptors,196
27,21-Mar-16,Kevin Durant,SF,2015-2016,Oklahoma City Thunder,240
25,14-Mar-16,Kemba Walker,G,2015-2016,Charlotte Hornets,184
27,14-Mar-16,Stephen Curry,G,2015-2016,Golden State Warriors,190
31,7-Mar-16,LeBron James,F,2015-2016,Cleveland Cavaliers,250
24,7-Mar-16,Kawhi Leonard,F,2015-2016,San Antonio Spurs,230
29,29-Feb-16,Kyle Lowry,PG,2015-2016,Toronto Raptors,196
27,29-Feb-16,Stephen Curry,G,2015-2016,Golden State Warriors,190
27,8-Feb-16,Isaiah Thomas,PG,2015-2016,Boston Celtics,185
30,8-Feb-16,LaMarcus Aldridge,FC,2015-2016,San Antonio Spurs,260
34,1-Feb-16,Dwyane Wade,SG,2015-2016,Miami Heat,220
27,1-Feb-16,Kevin Durant,SF,2015-2016,Oklahoma City Thunder,240
25,25-Jan-16,Kemba Walker,G,2015-2016,Charlotte Hornets,184
25,25-Jan-16,DeMarcus Cousins,C,2015-2016,Sacramento Kings,270
25,18-Jan-16,John Wall,PG,2015-2016,Washington Wizards,210
27,18-Jan-16,Kevin Durant,SF,2015-2016,Oklahoma City Thunder,240
31,11-Jan-16,LeBron James,F,2015-2016,Cleveland Cavaliers,250
30,11-Jan-16,Chris Paul,PG,2015-2016,Los Angeles Clippers,175
27,4-Jan-16,Brook Lopez,C,2015-2016,Brooklyn Nets,268
25,4-Jan-16,Draymond Green,F,2015-2016,Golden State Warriors,230
32,28-Dec-15,Marcin Gortat,FC,2015-2016,Washington Wizards,240
27,28-Dec-15,Russell Westbrook,G,2015-2016,Oklahoma City Thunder,200
25,21-Dec-15,Reggie Jackson,G,2015-2016,Detroit Pistons,208
24,21-Dec-15,Kawhi Leonard,F,2015-2016,San Antonio Spurs,230
26,14-Dec-15,DeMar DeRozan,GF,2015-2016,Toronto Raptors,221
27,14-Dec-15,Kevin Durant,SF,2015-2016,Oklahoma City Thunder,240
25,7-Dec-15,Reggie Jackson,G,2015-2016,Detroit Pistons,208
27,7-Dec-15,Stephen Curry,G,2015-2016,Golden State Warriors,190
25,30-Nov-15,Paul George,GF,2015-2016,Indiana Pacers,220
27,30-Nov-15,Kevin Durant,SF,2015-2016,Oklahoma City Thunder,240
31,23-Nov-15,LeBron James,F,2015-2016,Cleveland Cavaliers,250
27,23-Nov-15,Stephen Curry,G,2015-2016,Golden State Warriors,190
27,16-Nov-15,Nicolas Batum,F,2015-2016,Charlotte Hornets,200
25,16-Nov-15,DeMarcus Cousins,C,2015-2016,Sacramento Kings,270
22,9-Nov-15,Andre Drummond,C,2015-2016,Detroit Pistons,279
26,9-Nov-15,James Harden,SG,2015-2016,Houston Rockets,220
22,2-Nov-15,Andre Drummond,C,2015-2016,Detroit Pistons,279
27,2-Nov-15,Stephen Curry,G,2015-2016,Golden State Warriors,190
26,10-Apr-17,Paul George,GF,2016-2017,Indiana Pacers,100kg
28,10-Apr-17,Russell Westbrook,G,2016-2017,Oklahoma City Thunder,91kg
27,3-Apr-17,Jimmy Butler,GF,2016-2017,Chicago Bulls,105kg
28,3-Apr-17,Stephen Curry,G,2016-2017,Golden State Warriors,86kg
27,27-Mar-17,DeMar DeRozan,GF,2016-2017,Toronto Raptors,100kg
27,27-Mar-17,James Harden,SG,2016-2017,Houston Rockets,100kg
27,20-Mar-17,Hassan Whiteside,C,2016-2017,Miami Heat,120kg
26,20-Mar-17,Damian Lillard,G,2016-2017,Portland Trail Blazers,88kg
26,13-Mar-17,John Wall,PG,2016-2017,Washington Wizards,95kg
21,13-Mar-17,Karl-Anthony Towns,C,2016-2017,Minnesota Timberwolves,111kg
26,6-Mar-17,Kemba Walker,G,2016-2017,Charlotte Hornets,83kg
25,6-Mar-17,Kawhi Leonard,F,2016-2017,San Antonio Spurs,104kg
32,13-Feb-17,LeBron James,F,2016-2017,Cleveland Cavaliers,113kg
27,13-Feb-17,Blake Griffin,PF,2016-2017,Los Angeles Clippers,114kg
28,6-Feb-17,Isaiah Thomas,PG,2016-2017,Boston Celtics,84kg
28,6-Feb-17,Stephen Curry,G,2016-2017,Golden State Warriors,86kg
25,30-Jan-17,Dion Waiters,SG,2016-2017,Miami Heat,100kg
26,30-Jan-17,DeMarcus Cousins,C,2016-2017,Sacramento Kings,122kg
22,23-Jan-17,Joel Embiid,C,2016-2017,Philadelphia Sixers,113kg
25,23-Jan-17,Kawhi Leonard,F,2016-2017,San Antonio Spurs,104kg
27,16-Jan-17,DeMar DeRozan,GF,2016-2017,Toronto Raptors,100kg
26,16-Jan-17,Gordon Hayward,GF,2016-2017,Utah Jazz,102kg
27,9-Jan-17,Jimmy Butler,GF,2016-2017,Chicago Bulls,105kg
28,9-Jan-17,Stephen Curry,G,2016-2017,Golden State Warriors,86kg
26,2-Jan-17,John Wall,PG,2016-2017,Washington Wizards,95kg
27,2-Jan-17,James Harden,SG,2016-2017,Houston Rockets,100kg
28,26-Dec-16,Isaiah Thomas,PG,2016-2017,Boston Celtics,84kg
28,26-Dec-16,Russell Westbrook,G,2016-2017,Oklahoma City Thunder,91kg
27,19-Dec-16,DeMar DeRozan,GF,2016-2017,Toronto Raptors,100kg
27,19-Dec-16,James Harden,SG,2016-2017,Houston Rockets,100kg
32,12-Dec-16,LeBron James,F,2016-2017,Cleveland Cavaliers,113kg
32,12-Dec-16,Marc Gasol,C,2016-2017,Memphis Grizzlies,116kg
22,5-Dec-16,Giannis Antetokounmpo,F,2016-2017,Milwaukee Bucks,101kg
28,5-Dec-16,Russell Westbrook,G,2016-2017,Oklahoma City Thunder,91kg
28,28-Nov-16,Kevin Love,FC,2016-2017,Cleveland Cavaliers,114kg
28,28-Nov-16,Kevin Durant,SF,2016-2017,Golden State Warriors,109kg
27,21-Nov-16,Jimmy Butler,GF,2016-2017,Chicago Bulls,105kg
23,21-Nov-16,Anthony Davis,PF,2016-2017,New Orleans Pelicans,115kg
27,14-Nov-16,DeMar DeRozan,GF,2016-2017,Toronto Raptors,100kg
27,14-Nov-16,James Harden,SG,2016-2017,Houston Rockets,100kg
32,7-Nov-16,LeBron James,F,2016-2017,Cleveland Cavaliers,113kg
30,7-Nov-16,George Hill,G,2016-2017,Utah Jazz,85kg
32,31-Oct-16,LeBron James,F,2016-2017,Cleveland Cavaliers,113kg
28,31-Oct-16,Russell Westbrook,G,2016-2017,Oklahoma City Thunder,91kg
21,9-Apr-18,Ben Simmons,PF,2017-2018,Philadelphia Sixers,104kg
23,9-Apr-18,Nikola Jokic,C,2017-2018,Denver Nuggets,113kg
25,2-Apr-18,Victor Oladipo,G,2017-2018,Indiana Pacers,95kg
27,2-Apr-18,Damian Lillard,G,2017-2018,Portland Trail Blazers,88kg
33,26-Mar-18,LeBron James,F,2017-2018,Cleveland Cavaliers,113kg
32,26-Mar-18,LaMarcus Aldridge,FC,2017-2018,San Antonio Spurs,118kg
33,19-Mar-18,LeBron James,F,2017-2018,Cleveland Cavaliers,113kg
29,19-Mar-18,Russell Westbrook,G,2017-2018,Oklahoma City Thunder,91kg
28,12-Mar-18,DeMar DeRozan,GF,2017-2018,Toronto Raptors,100kg
27,12-Mar-18,Damian Lillard,G,2017-2018,Portland Trail Blazers,88kg
28,5-Mar-18,DeMar DeRozan,GF,2017-2018,Toronto Raptors,100kg
24,5-Mar-18,Anthony Davis,PF,2017-2018,New Orleans Pelicans,115kg
23,12-Feb-18,Joel Embiid,C,2017-2018,Philadelphia Sixers,113kg
28,12-Feb-18,James Harden,SG,2017-2018,Houston Rockets,100kg
24,5-Feb-18,Andre Drummond,C,2017-2018,Detroit Pistons,127kg
28,5-Feb-18,James Harden,SG,2017-2018,Houston Rockets,100kg
26,29-Jan-18,Khris Middleton,SF,2017-2018,Milwaukee Bucks,106kg
29,29-Jan-18,Stephen Curry,G,2017-2018,Golden State Warriors,86kg
23,22-Jan-18,Joel Embiid,C,2017-2018,Philadelphia Sixers,113kg
27,22-Jan-18,Damian Lillard,G,2017-2018,Portland Trail Blazers,88kg
31,15-Jan-18,Goran Dragic,G,2017-2018,Miami Heat,86kg
31,15-Jan-18,Lou Williams,G,2017-2018,Los Angeles Clippers,79kg
28,8-Jan-18,DeMar DeRozan,GF,2017-2018,Toronto Raptors,100kg
29,8-Jan-18,Stephen Curry,G,2017-2018,Golden State Warriors,86kg
24,2-Jan-18,Bradley Beal,SG,2017-2018,Washington Wizards,94kg
31,2-Jan-18,Lou Williams,G,2017-2018,Los Angeles Clippers,79kg
28,26-Dec-17,DeMar DeRozan,GF,2017-2018,Toronto Raptors,100kg
29,26-Dec-17,Russell Westbrook,G,2017-2018,Oklahoma City Thunder,91kg
33,18-Dec-17,LeBron James,F,2017-2018,Cleveland Cavaliers,113kg
32,18-Dec-17,Chris Paul,PG,2017-2018,Houston Rockets,79kg
25,11-Dec-17,Victor Oladipo,G,2017-2018,Indiana Pacers,95kg
29,11-Dec-17,Kevin Durant,SF,2017-2018,Golden State Warriors,109kg
33,4-Dec-17,LeBron James,F,2017-2018,Cleveland Cavaliers,113kg
28,4-Dec-17,James Harden,SG,2017-2018,Houston Rockets,100kg
31,27-Nov-17,Goran Dragic,G,2017-2018,Miami Heat,86kg
24,27-Nov-17,Anthony Davis,PF,2017-2018,New Orleans Pelicans,115kg
28,20-Nov-17,DeMar DeRozan,GF,2017-2018,Toronto Raptors,100kg
22,20-Nov-17,Karl-Anthony Towns,C,2017-2018,Minnesota Timberwolves,111kg
25,13-Nov-17,Tobias Harris,F,2017-2018,Detroit Pistons,107kg
23,13-Nov-17,Nikola Jokic,C,2017-2018,Denver Nuggets,113kg
22,6-Nov-17,Kristaps Porzingis,FC,2017-2018,New York Knicks,109kg
28,6-Nov-17,James Harden,SG,2017-2018,Houston Rockets,100kg
25,30-Oct-17,Victor Oladipo,G,2017-2018,Indiana Pacers,95kg
27,30-Oct-17,DeMarcus Cousins,C,2017-2018,New Orleans Pelicans,122kg
23,23-Oct-17,Giannis Antetokounmpo,F,2017-2018,Milwaukee Bucks,101kg
28,23-Oct-17,James Harden,SG,2017-2018,Houston Rockets,100kg
